Game,Name,Class,Lv,HP,Str,Mag,Skl,Spd,Lck,Def,Res,Bld,Mov,Weapon Ranks,Tol.,Item,Gold,Skill(s),Lead,MS,PC,Wt,Cha
1,Marth,Lord,1,18,5,0,3,7,7,7,0,,7,Sword D,,,,,,,,,
1,Frey,Cavalier,1,18,7,0,6,6,2,7,0,,9,"Sword E, Lance D",,,,,,,,,
1,Abel,Cavalier,1,20,6,0,7,7,2,7,0,,9,"Sword E, Lance D",,,,,,,,,
1,Cain,Cavalier,1,20,7,0,5,6,3,7,0,,9,"Sword D, Lance E",,,,,,,,,
1,Jagen,Paladin,1,22,7,1,10,8,1,9,6,,10,"Sword D, Lance B",,,,,,,,,
1,Gordin,Archer,1,18,5,0,3,4,4,6,0,,5,Bow D,,,,,,,,,
1,Draug,Knight,1,20,7,0,3,3,1,11,0,,5,Lance D,,,,,,,,,
1,Norne,Archer,1,16,4,0,1,5,3,6,0,,5,Bow D,,,,,,,,,
1,Shiida,Pegasus Knight,1,16,4,1,6,12,9,7,6,,8,Lance D,,,,,,,,,
1,Wrys,Curate,1,16,0,2,5,6,2,3,6,,5,Staff E,,,,,,,,,
1,Ogma,Mercenary,4,22,6,0,11,12,3,6,0,,7,Sword C,,,,,,,,,
1,Barst,Fighter,3,24,10,0,6,9,5,6,0,,6,Axe D,,,,,,,,,
1,Bord,Fighter,2,20,8,0,4,7,1,5,0,,6,Axe C,,,,,,,,,
1,Cord,Fighter,2,20,7,0,5,9,5,5,0,,6,Axe E,,,,,,,,,
1,Castor,Hunter,3,21,7,0,3,6,3,4,0,,6,Bow D,,,,,,,,,
1,Darros,Pirate,3,21,6,0,2,7,3,5,0,,6,Axe D,,,,,,,,,
1,Julian,Thief,3,17,4,0,6,12,7,4,0,,7,Sword E,,,,,,,,,
1,Lena,Cleric,3,16,0,2,7,8,8,3,7,,5,Staff C,,,,,,,,,
1,Nabarl,Myrmidon,3,19,5,0,9,11,8,6,0,,7,Sword C,,,,,,,,,
1,Merric,Mage,1,20,0,3,3,6,3,4,3,,6,Tome D,,,,,,,,,
1,Matthis,Cavalier,2,20,5,0,2,6,0,7,0,,9,"Sword E, Lance D",,,,,,,,,
1,Hardin,Cavalier,6,24,9,0,7,8,3,8,1,,9,"Sword D, Lance B",,,,,,,,,
1,Wolf,Horseman,3,22,6,0,6,8,5,6,1,,9,"Sword E, Bow D",,,,,,,,,
1,Sedgar,Horseman,1,20,6,1,6,7,2,6,2,,9,"Sword E, Bow D",,,,,,,,,
1,Roshea,Cavalier,3,22,6,0,5,7,4,7,0,,9,"Sword E, Lance D",,,,,,,,,
1,Vyland,Cavalier,1,20,5,0,3,6,2,7,0,,9,"Sword E, Lance D",,,,,,,,,
1,Wendell,Sage,1,22,3,4,2,12,1,5,5,,6,"Tome B, Staff D",,,,,,,,,
1,Rickard,Thief,1,16,4,0,2,9,0,3,0,,7,Sword E,,,,,,,,,
1,Athena,Myrmidon,10,25,9,0,12,13,6,7,0,,7,Sword C,,,,,,,,,
1,Bantu,Manakete,1,20,2,0,3,4,1,3,1,,6,None,,,,,,,,,
1,Caesar,Mercenary,3,20,5,0,8,12,6,7,0,,7,Sword D,,,,,,,,,
1,Radd,Myrmidon,1,18,4,0,8,10,1,6,0,,7,Sword D,,,,,,,,,
1,Roger,Knight,5,22,7,0,3,5,2,13,0,,5,Lance D,,,,,,,,,
1,Jeorge,Sniper,1,24,7,1,10,12,4,8,3,,7,Bow B (+45),,,,,,,,,
1,Maria,Cleric,3,17,0,2,2,3,0,4,8,,5,Staff D (+10),,,,,,,,,
1,Minerva,Dracoknight,1,24,9,0,6,12,6,12,3,,10,"Lance D, Axe A",,,,,,,,,
1,Linde,Mage,1,18,0,2,4,7,7,3,4,,6,Tome D,,,,,,,,,
1,Jake,Ballistician,1,20,5,0,1,3,3,14,0,,4,None,,,,,,,,,
1,Midia,Paladin,1,24,7,1,11,9,7,9,6,,10,"Sword D, Lance C",,,,,,,,,
1,Dolph,Knight,4,22,8,0,6,5,3,13,0,,5,Lance C,,,,,,,,,
1,Macellan,Knight,3,20,8,0,5,3,4,12,0,,5,Lance D,,,,,,,,,
1,Tomas,Archer,8,22,7,0,6,5,4,6,0,,5,Bow C,,,,,,,,,
1,Boah,Bishop,1,22,1,4,7,10,4,5,9,,6,"Tome B, Staff C",,,,,,,,,
1,Horace,General,3,32,15,1,12,8,7,17,3,,6,"Lance B, Bow D",,,,,,,,,
1,Beck,Ballistician,1,20,6,0,4,3,5,14,0,,4,None,,,,,,,,,
1,Astram,Hero,1,26,8,1,14,14,3,8,3,,8,"Sword B, Axe D",,,,,,,,,
1,Palla,Pegasus Knight,8,22,7,2,8,13,5,8,6,,8,Lance B,,,,,,,,,
1,Catria,Pegasus Knight,5,20,6,2,7,13,7,8,6,,8,Lance C,,,,,,,,,
1,Arran,Paladin,10,24,8,1,8,11,4,10,6,,10,"Sword D, Lance A",,,,,,,,,
1,Samson,Hero,10,24,10,1,14,16,7,9,3,,8,"Sword D, Axe B",,,,,,,,,
1,Xane,Chameleon,1,18,2,1,2,8,9,4,10,,6,None,,,,,,,,,
1,Etzel,Sorcerer,6,30,2,11,14,9,7,7,12,,6,"Tome B, Staff D",,,,,,,,,
1,Est,Pegasus Knight,3,19,5,2,6,12,11,7,6,,8,Lance C,,,,,,,,,
1,Tiki,Manakete,1,18,3,0,3,4,12,3,10,,6,None,,,,,,,,,
1,Lorenz,General,5,34,11,1,3,6,2,17,3,,6,"Lance A, Bow B",,,,,,,,,
1,Ymir,Warrior,10,46,18,0,13,14,5,9,1,,7,"Axe B, Bow D",,,,,,,,,
1,Elice,Cleric,10,18,0,2,5,6,3,3,8,,5,Staff A,,,,,,,,,
1,Nagi,Manakete,15,32,8,2,12,14,10,6,10,,6,None,,,,,,,,,
1,Gotoh,Sage,18,37,3,11,20,20,16,13,12,,6,"Tome A, Staff A",,,,,,,,,
Game,Name,Class,Lv,HP,Atk,,Skl,Spd,Lck,Def,Res,,Mov,,Tol.,Item,,,,,,,
2,Alm,Fighter,1,28,10,,7,6,7,5,4,,5,,0.5,–,,,,,,,
2,Lukas,Soldier,2,22,10,,4,4,2,5,2,,4,,0.45,–,,,,,,,
2,Gray,Villager,5,24,9,,4,4,2,4,2,,4,,0.45,–,,,,,,,
2,Tobin,Villager,2,22,7,,2,6,4,3,4,,4,,0.5,Carrot,,,,,,,
2,Kliff,Villager,1,20,7,,1,2,10,3,8,,4,,0.4,Bread,,,,,,,
2,Silque,Cleric,1,18,8,,3,4,4,1,11,,4,,0.6,–,,,,,,,
2,Clair,Pegasus Knight,1,20,8,,4,7,11,4,8,,7,,0.45,–,,,,,,,
2,Clive,Cavalier,6,26,12,,7,7,6,7,1,,7,,0.5,Steel Lance,,,,,,,
2,Forsyth,Soldier,4,28,11,,4,5,3,7,5,,4,,0.5,–,,,,,,,
2,Python,Archer,3,24,10,,3,4,2,5,4,,4,,0.45,–,,,,,,,
2,Luthier,Mage,7,28,12,,9,7,2,5,8,,4,,0.55,Mana Herbs,,,,,,,
2,Mathilda,Paladin,1,26,12,,14,12,13,7,10,,8,,0.55,–,,,,,,,
2,Delthea,Mage,3,22,11,,8,10,15,3,15,,4,,0.45,Prayer Ring,,,,,,,
2,Tatiana,Saint,1,28,14,,12,10,2,3,18,,5,,0.5,–,,,,,,,
2,Zeke,Gold Knight,3,40,20,,13,14,4,14,6,,9,,0.6,–,,,,,,,
2,Mycen,Gold Knight,7,44,22,,14,11,3,18,8,,9,,0.6,–,,,,,,,
2,Faye,Villager,1,19,8,,1,2,6,3,6,,4,,0.4,Orange,,,,,,,
2,Celica,Priestess,1,20,8,,6,6,8,4,7,,4,,0.6,Golden Dagger,,,,,,,
2,Mae,Mage,1,20,9,,1,7,5,2,10,,4,,0.5,Sweet Cookie,,,,,,,
2,Boey,Mage,1,22,8,,2,4,9,4,7,,4,,0.55,Drinking Water,,,,,,,
2,Genny,Cleric,1,18,7,,2,5,7,1,13,,4,,0.45,Holey Cheese,,,,,,,
2,Saber,Mercenary,1,22,9,,9,10,6,4,6,,4,,0.55,–,,,,,,,
2,Valbar,Knight,1,30,14,,5,2,1,12,0,,4,,0.65,–,,,,,,,
2,Kamui,Mercenary,3,24,10,,5,8,2,6,2,,4,,0.5,–,,,,,,,
2,Leon,Archer,4,23,11,,5,6,5,4,1,,4,,0.45,Iron Bow,,,,,,,
2,Palla,Pegasus Knight,8,28,12,,9,10,4,6,5,,7,,0.55,Javelin,,,,,,,
2,Catria,Pegasus Knight,5,24,11,,12,12,12,5,9,,7,,0.5,Angel Ring,,,,,,,
2,Atlas,Villager,10,30,14,,3,3,4,5,4,,4,,0.6,–,,,,,,,
2,Jesse,Mercenary,6,28,11,,10,12,9,5,7,,4,,0.45,–,,,,,,,
2,Sonya,Mage,5,24,13,,11,12,4,5,12,,4,,0.45,Steel Shield,,,,,,,
2,Deen,Myrmidon,5,32,13,,17,17,6,9,4,,5,,0.6,Brave Sword,,,,,,,
2,Est,Pegasus Knight,3,20,9,,5,11,5,4,12,,7,,0.4,–,,,,,,,
2,Nomah,Sage,7,28,12,,16,8,1,6,14,,4,,0.5,–,,,,,,,
2,Conrad,Paladin,7,32,15,,18,16,8,10,12,,8,,0.45,Blessed Lance,,,,,,,
2,Emma,Falcon Knight,1,31,11,,12,13,13,8,14,,8,,0.55,Trainee’s Lance,,,,,,,
2,Randal,Paladin,5,32,13,,15,15,3,9,7,,8,,0.5,Wayward Lance,,,,,,,
2,Yuzu,Priestess,1,26,15,,13,16,9,7,9,,4,,0.6,Warrior’s Sword,,,,,,,
2,Shade,Saint,3,30,12,,11,11,7,8,13,,5,,0.45,–,,,,,,,
Game,Name,Class,Lv,HP,Str,Mag,Skl,Spd,Lck,Def,Res,,Mov,Weapon Ranks,,,,,,,,,
3,Marth,Lord,6,26,8,0,10,10,9,8,0,,7,Sword D,,,,,,,,,
3,My_Unit,Cavalier,1,20,7,0,5,7,3,7,0,,9,"Sword E, Lance D",,,,,,,,,
3,Luke,Cavalier,1,20,7,0,5,7,4,7,0,,9,"Sword D, Lance E",,,,,,,,,
3,Rody,Cavalier,1,20,6,0,5,6,5,6,0,,9,"Sword E, Lance D",,,,,,,,,
3,Cecil,Cavalier,3,19,6,0,8,9,6,5,0,,9,"Sword D, Lance E",,,,,,,,,
3,Gordin,Archer,5,21,9,0,7,6,5,8,0,,5,Bow D,,,,,,,,,
3,Ryan,Archer,1,18,7,0,4,4,3,7,0,,5,Bow D,,,,,,,,,
3,Draug,Knight,6,22,10,0,5,5,3,11,0,,5,Lance D,,,,,,,,,
3,Arran,Paladin,3,26,10,1,12,11,4,10,6,,10,"Sword D, Lance B",,,,,,,,,
3,Malliesia,Cleric,1,16,0,2,1,4,12,1,5,,5,Staff C,,,,,,,,,
3,Catria,Pegasus Knight,6,22,7,2,8,14,9,8,6,,8,Lance C,,,,,,,,,
3,Warren,Hunter,2,22,7,0,5,8,1,4,0,,6,Bow D,,,,,,,,,
3,Cord,Fighter,2,22,9,0,7,8,5,5,0,,6,Axe E,,,,,,,,,
3,Linde,Mage,4,20,0,4,5,8,8,2,4,,6,Tome D,,,,,,,,,
3,Palla,Pegasus Knight,10,24,10,2,11,16,9,9,6,,8,Lance B,,,,,,,,,
3,Bord,Fighter,2,22,10,0,8,6,1,5,0,,6,Axe C,,,,,,,,,
3,Julian,Thief,6,20,7,0,8,14,7,6,0,,7,Sword E,,,,,,,,,
3,Matthis,Cavalier,4,21,7,0,3,7,1,9,0,,9,"Sword E, Lance D",,,,,,,,,
3,Wrys,Curate,3,16,0,3,6,7,3,3,7,,5,Staff E,,,,,,,,,
3,Ogma,Mercenary,7,27,8,0,14,13,5,8,0,,7,Sword C,,,,,,,,,
3,Yumina,Cleric,2,16,0,2,1,7,9,2,5,,5,Staff C,,,,,,,,,
3,Yubello,Mage,1,18,0,1,1,6,5,3,3,,6,Tome D,,,,,,,,,
3,Sirius,Paladin,1,28,12,1,14,13,4,11,6,,10,"Sword B, Lance A",,,,,,,,,
3,Castor,Hunter,7,24,10,0,7,10,4,6,0,,6,Bow C,,,,,,,,,
3,Shiida,Pegasus Knight,4,19,6,2,7,15,13,7,6,,8,Lance D,,,,,,,,,
3,Barst,Fighter,5,26,12,0,10,11,6,7,0,,6,Axe D,,,,,,,,,
3,Rickard,Thief,3,18,6,0,3,9,1,3,0,,7,Sword E,,,,,,,,,
3,Frey,Cavalier,8,26,11,0,8,10,6,10,0,,9,"Sword D, Lance C",,,,,,,,,
3,Norne,Archer,5,20,8,0,6,9,6,7,0,,5,Bow C,,,,,,,,,
3,Samto,Myrmidon,5,22,6,0,10,11,3,7,0,,7,Sword C,,,,,,,,,
3,Wendell,Sage,7,26,3,8,5,13,4,5,6,,6,"Tome B, Staff D",,,,,,,,,
3,Caesar,Mercenary,7,26,8,0,11,11,6,8,0,,7,Sword C,,,,,,,,,
3,Radd,Myrmidon,5,22,5,0,10,13,1,5,0,,7,Sword C,,,,,,,,,
3,Nabarl,Myrmidon,8,23,9,0,16,16,7,8,0,,7,Sword C,,,,,,,,,
3,Feena,Dancer,1,16,2,0,2,13,8,5,0,,6,Sword E,,,,,,,,,
3,Cain,Cavalier,9,27,11,0,9,10,4,11,0,,9,"Sword C, Lance D",,,,,,,,,
3,Bantu,Manakete,3,18,2,0,3,4,1,3,1,,6,None,,,,,,,,,
3,Roger,Knight,8,26,10,0,6,7,5,14,0,,5,Lance C,,,,,,,,,
3,Jeorge,Sniper,5,32,12,1,14,14,5,13,3,,7,Bow A,,,,,,,,,
3,Minerva,Dracoknight,4,32,13,1,12,15,11,16,3,,10,"Lance C, Axe A",,,,,,,,,
3,Etzel,Sorcerer,6,30,2,11,14,12,8,10,12,,6,"Tome B, Staff D",,,,,,,,,
3,Merric,Mage,10,24,0,7,6,10,6,7,5,,6,Tome D,,,,,,,,,
3,Ellerean,Mage,10,26,1,8,5,11,2,8,3,,6,Tome C,,,,,,,,,
3,Dice,Fighter,12,32,15,0,7,11,6,8,0,,6,Axe C,,,,,,,,,
3,Maris,Myrmidon,10,25,9,0,12,16,9,10,0,,7,Sword C,,,,,,,,,
3,Horace,General,3,34,15,1,11,10,7,17,3,,6,"Lance B, Bow D",,,,,,,,,
3,Jake,Warrior,1,35,12,0,8,11,12,8,3,,7,"Axe C, Bow C",,,,,,,,,
3,Darros,Berserker,3,41,18,0,10,15,9,13,0,,7,Axe B,,,,,,,,,
3,Robert,Horseman,3,32,11,1,14,15,12,8,3,,9,"Sword D, Bow C",,,,,,,,,
3,Belf,Cavalier,15,35,14,0,15,12,8,12,0,,9,"Sword D, Lance C",,,,,,,,,
3,Leiden,Cavalier,15,34,12,0,14,15,10,11,1,,9,"Sword D, Lance C",,,,,,,,,
3,Beck,Horseman,5,32,12,3,11,14,8,10,3,,9,"Sword C, Bow B",,,,,,,,,
3,Athena,Myrmidon,10,25,9,0,12,13,6,7,0,,7,Sword B,,,,,,,,,
3,Xane,Chameleon,5,20,3,0,3,11,10,6,10,,6,None,,,,,,,,,
3,Tiki,Manakete,6,18,6,0,6,6,13,5,10,,6,None,,,,,,,,,
3,Est,Pegasus Knight,5,20,6,2,7,13,11,8,6,,8,Lance C,,,,,,,,,
3,Dolph,General,5,38,15,1,12,11,5,18,5,,6,"Lance B, Bow D",,,,,,,,,
3,Abel,Paladin,1,32,13,1,14,15,7,14,6,,10,"Sword D, Lance B",,,,,,,,,
3,Macellan,General,1,35,12,1,10,10,7,15,3,,6,"Lance B, Bow B",,,,,,,,,
3,Astram,Hero,5,34,14,1,16,16,5,15,3,,8,"Sword A, Axe D",,,,,,,,,
3,Katarina,Sage,7,34,3,12,15,15,6,9,7,,6,"Tome B, Staff C",,,,,,,,,
3,Tomas,Sniper,1,29,12,1,10,13,9,12,3,,7,Bow B,,,,,,,,,
3,Sheema,General,1,32,11,1,12,8,9,17,3,,6,"Lance A, Bow B",,,,,,,,,
3,Samson,Hero,5,34,14,1,15,18,11,13,3,,8,"Sword D, Axe B",,,,,,,,,
3,Frost,Bishop,5,26,3,9,10,14,4,5,9,,6,"Tome D, Staff C",,,,,,,,,
3,Roshea,Paladin,8,36,13,1,15,14,10,12,6,,10,"Sword C, Lance B",,,,,,,,,
3,Vyland,Paladin,8,37,14,1,13,12,7,15,6,,10,"Sword B, Lance B",,,,,,,,,
3,Sedgar,Horseman,10,35,13,1,16,14,8,13,3,,9,"Sword D, Bow B",,,,,,,,,
3,Wolf,Horseman,12,36,15,1,17,16,11,14,3,,9,"Sword D, Bow B",,,,,,,,,
3,Midia,Paladin,12,35,15,1,19,18,9,16,6,,10,"Sword C, Lance B",,,,,,,,,
3,Ymir,Warrior,10,48,20,0,13,15,5,11,1,,7,"Axe B, Bow C",,,,,,,,,
3,Michalis,Dracoknight,12,42,19,1,22,22,2,20,5,,10,"Lance B, Axe B",,,,,,,,,
3,Nagi,Manakete,15,32,8,2,12,14,10,6,10,,6,None,,,,,,,,,
3,Lena,Bishop,3,27,1,8,8,13,10,6,11,,6,"Tome D, Staff B",,,,,,,,,
3,Maria,Bishop,1,24,1,5,5,5,8,3,9,,6,"Tome E, Staff C",,,,,,,,,
3,Nyna,Bishop,7,25,1,6,6,10,18,4,9,,6,"Tome C, Staff A",,,,,,,,,
3,Elice,Bishop,5,26,1,7,7,7,7,5,10,,6,"Tome C, Staff A",,,,,,,,,
Game,Name,Class,Lv,HP,Str,Mag,Skl,Spd,Lck,Def,Mdf,,,,,,Gold,Skill(s),,,,,
4,Sigurd,Lord Knight,5,35,14,0,11,12,7,9,3,,,,,,5000,Pursuit,,,,,
4,Noish,Social Knight,3,33,11,0,7,8,4,8,0,,,,,,2000,"Critical, Charge",,,,,
4,Alec,Social Knight,2,32,9,0,9,10,4,7,0,,,,,,2000,"Pursuit, Awareness",,,,,
4,Arden,Sword Armour,3,36,13,0,5,4,3,13,0,,,,,,2000,Ambush,,,,,
4,Cuan,Duke Knight,4,34,16,0,10,10,5,10,3,,,,,,5000,Continue,,,,,
4,Ethlin,Troubadour,1,28,5,8,11,12,8,4,6,,,,,,4000,Critical,,,,,
4,Fin,Lance Knight,1,32,9,0,8,10,8,7,0,,,,,,2000,"Pursuit, Prayer",,,,,
4,Lex,Axe Knight,4,33,10,0,10,11,8,9,0,,,,,,5000,"Ambush, Elite",,,,,
4,Azel,Mage,1,30,0,10,7,9,2,2,6,,,,,,5000,Pursuit,,,,,
4,Midayle,Arch Knight,2,32,9,0,7,9,3,7,0,,,,,,2000,"Pursuit, Charge",,,,,
4,Adean,Priest,3,28,0,13,8,9,11,1,10,,,,,,5000,–,,,,,
4,Dew,Thief,1,28,3,0,6,15,12,1,0,,,,,,15000,"Steal, Sun Sword, Bargain",,,,,
4,Ira,Sword Fighter,4,32,11,0,16,17,3,7,1,,,,,,3000,"Pursuit, Awareness, Shooting Star Sword",,,,,
4,Diadora,Shaman,3,26,0,14,9,12,6,3,16,,,,,,1000,Awareness,,,,,
4,Jamka,Bow Fighter,6,36,11,0,14,14,4,9,0,,,,,,5000,"Pursuit, Continue, Charge",,,,,
4,Holyn,Sword Fighter,12,40,14,0,17,17,1,11,1,,,,,,10000,"Pursuit, Moonlight Sword",,,,,
4,Lachesis,Princess,2,26,6,8,9,13,5,7,9,,,,,,10000,Charisma,,,,,
4,Levin,Bard,6,34,1,12,12,16,7,5,9,,,,,,8000,"Continue, Critical",,,,,
4,Sylvia,Dancer,1,28,3,0,4,12,6,1,5,,,,,,5000,"Continue, Dance, Prayer",,,,,
4,Fury,Pegasus Knight,6,32,11,1,12,18,7,9,9,,,,,,8000,Pursuit,,,,,
4,Beowolf,Free Knight,9,38,14,0,11,11,3,10,0,,,,,,2000,"Pursuit, Charge",,,,,
4,Briggid,Sniper,12,40,20,0,22,21,7,14,9,,,,,,10000,Pursuit,,,,,
4,Claude,High Priest,20,34,0,21,14,15,9,5,20,,,,,,10000,–,,,,,
4,Tiltyu,Thunder Mage,3,28,0,10,15,10,9,1,9,,,,,,5000,Wrath,,,,,
4,Mana,Priest,1,24,0,10,7,10,5,1,10,,,,,,2000,–,,,,,
4,Radney,Sword Fighter,1,28,9,0,13,15,3,7,1,,,,,,2000,Pursuit,,,,,
4,Roddlevan,Sword Fighter,1,30,10,0,13,13,4,8,0,,,,,,2000,"Pursuit, Ambush",,,,,
4,Oifey,Paladin,15,40,16,9,17,16,8,17,8,,,,,,5000,"Pursuit, Critical",,,,,
4,Tristan,Free Knight,3,30,11,0,10,10,5,10,0,,,,,,5000,Critical,,,,,
4,Dimna,Arch Knight,1,30,9,0,7,9,3,8,0,,,,,,2000,Pursuit,,,,,
4,Yuria,Shaman,1,24,0,11,8,11,5,3,14,,,,,,2000,"Pursuit, Continue, Awareness",,,,,
4,Femina,Pegasus Knight,2,28,10,1,9,16,3,7,9,,,,,,3000,Continue,,,,,
4,Amid,Wind Mage,2,29,1,11,10,14,6,4,9,,,,,,3000,Continue,,,,,
4,Johan,Axe Knight,12,40,15,0,10,12,5,12,1,,,,,,5000,Ambush,,,,,
4,Johalva,Axe Fighter,12,42,16,0,7,16,5,14,1,,,,,,5000,Charge,,,,,
4,Shanan,Swordmaster,12,38,18,0,22,23,10,13,4,,,,,,5000,"Pursuit, Continue, Shooting Star Sword",,,,,
4,Daisy,Thief,1,24,3,1,4,13,6,2,3,,,,,,5000,"Steal, Prayer",,,,,
4,Janne,Troubadour,3,30,6,7,9,11,4,5,6,,,,,,2000,–,,,,,
4,Aless,Social Knight,7,40,13,4,12,13,6,12,4,,,,,,3000,"Pursuit, Continue, Ambush",,,,,
4,Laylea,Dancer,3,24,4,0,1,13,4,1,4,,,,,,3000,"Dance, Charisma",,,,,
4,Linda,Thunder Mage,3,26,0,11,12,9,2,2,7,,,,,,5000,"Wrath, Elite",,,,,
4,Asaello,Bow Fighter,9,36,12,1,15,15,3,10,1,,,,,,2000,"Pursuit, Charge",,,,,
4,Hawk,Sage,14,38,3,22,18,23,4,9,17,,,,,,5000,"Pursuit, Continue",,,,,
4,Hannibal,General,20,60,20,0,16,11,7,22,6,,,,,,5000,"Big Shield, Continue, Ambush",,,,,
4,Sharlow,Priest,1,24,0,11,8,9,3,3,9,,,,,,5000,Elite,,,,,
4,Celice, Junior Lord,1,31,8,1,8,8,10,7,1,,,,,,,,,,,,
4,Leaf,Prince,1,32,12,3,10,10,8,10,3,,,,,,,,,,,,
4,Altenna,Dragon Knight,17,51,23,2,17,19,13,21,2,,,,,,,,,,,,
Game,Name,Class,Lv,HP,Str,Mag,Skl,Spd,Lck,Def,,Bld,Mov,,,,,,Lead,MS,PC,,
5,Leaf,Lord,1,22,4,0,2,5,6,3,,5,6,,,,,,0,1,2,,
5,Fin,Lance Knight,7,28,8,1,8,11,5,7,,9,8,,,,,,1,0,1,,
5,Evayle,Swordmaster,12,28,9,4,18,20,10,7,,8,8,,,,,,1,2,1,,
5,Halvan,Axe Fighter,2,28,7,0,7,7,2,5,,12,6,,,,,,0,0,4,,
5,Othin,Axe Fighter,1,27,6,0,7,9,3,4,,11,6,,,,,,0,0,3,,
5,Dagda,Warrior,6,43,14,1,11,9,2,10,,15,7,,,,,,0,1,1,,
5,Tania,Bow Fighter,1,20,3,1,6,10,6,2,,4,6,,,,,,0,0,2,,
5,Marty,Mountain Thief,1,32,9,0,0,0,6,6,,15,6,,,,,,0,0,1,,
5,Ronan,Bow Fighter,1,20,4,0,3,7,3,2,,7,7,,,,,,0,3,1,,
5,Rifis,Thief,4,20,3,0,4,10,1,2,,6,7,,,,,,0,2,0,,
5,Safy,Priest,3,14,0,6,6,7,9,0,,3,5,,,,,,0,0,1,,
5,Brighton,Axe Knight,5,28,6,0,6,6,2,6,,11,8,,,,,,0,0,1,,
5,Machua,Sword Fighter,2,24,4,1,10,11,6,4,,6,6,,,,,,0,0,3,,
5,Lara,Thief,2,14,0,0,1,10,6,0,,3,7,,,,,,0,1,1,,
5,Felgus,Free Knight,3,26,6,0,7,7,6,5,,8,8,,,,,,0,1,5,,
5,Karin,Pegasus Rider,1,18,4,7,4,14,12,4,,4,8,,,,,,0,0,1,,
5,Dalsin,Axe Armour,5,29,9,0,3,2,0,11,,15,5,,,,,,0,0,1,,
5,Asvel,Mage,1,22,0,4,3,7,5,0,,4,6,,,,,,0,1,3,,
5,Nanna,Troubadour,1,18,3,5,6,7,9,3,,4,8,,,,,,0,0,1,,
5,Hicks,Axe Knight,6,30,7,0,6,5,6,8,,15,8,,,,,,0,0,2,,
5,Shiva,Sword Fighter,4,24,6,0,9,12,5,4,,7,6,,,,,,0,1,4,,
5,Carrion,Social Knight,1,24,5,1,5,8,6,5,,6,8,,,,,,0,1,4,,
5,Selphina,Arch Knight,8,22,5,3,7,10,7,6,,5,8,,,,,,0,0,1,,
5,Kein,Lance Knight,2,26,7,0,4,7,3,6,,10,8,,,,,,0,0,1,,
5,Alva,Lance Knight,2,24,6,0,5,9,4,5,,9,8,,,,,,0,0,1,,
5,Robert,Arch Knight,1,23,5,0,4,8,6,4,,7,8,,,,,,0,1,3,,
5,Fred,Paladin,2,33,10,4,11,10,4,9,,11,9,,,,,,0,0,1,,
5,Olwen,Mage Knight,2,24,5,10,8,10,5,4,,5,8,,,,,,0,1,4,,
5,Mareeta,Sword Fighter,2,22,3,1,7,13,7,3,,5,6,,,,,,0,1,5,,
5,Salem,Loputo Mage,5,22,0,8,6,7,2,2,,4,6,,,,,,0,0,1,,
5,Pahn,Thief Fighter,3,24,7,3,8,14,11,5,,8,7,,,,,,0,5,5,,
5,Tina,Priest,1,14,0,3,1,5,15,0,,3,5,,,,,,0,5,1,,
5,Trewd,Sword Fighter,8,30,8,0,11,12,3,5,,9,6,,,,,,0,1,1,,
5,Glade,Duke Knight,2,34,11,2,12,11,4,10,,12,9,,,,,,1,0,1,,
5,Dean,Dragon Knight,3,36,12,2,13,12,5,13,,12,9,,,,,,0,2,3,,
5,Eda,Dragon Rider,5,22,7,3,6,9,12,9,,5,8,,,,,,0,0,1,,
5,Homeros,Bard,5,24,0,5,3,10,12,2,,5,6,,,,,,0,1,5,,
5,Linoan,Sister,3,16,0,7,4,9,8,0,,3,5,,,,,,0,0,5,,
5,Ralph,Mercenary,3,38,12,1,12,14,6,9,,14,6,,,,,,0,0,1,,
5,Eyrios,Mage Knight,8,40,11,9,13,14,14,10,,6,8,,,,,,0,1,0,,
5,Sleuf,Priest,6,18,0,11,12,4,9,1,,4,5,,,,,,0,3,0,,
5,Sara,Sister,7,14,0,11,12,9,10,0,,3,5,,,,,,0,5,0,,
5,Miranda,Mage,5,19,0,7,2,8,7,1,,3,6,,,,,,0,0,1,,
5,Shanam,Swordmaster,1,24,5,1,8,9,1,4,,6,7,,,,,,0,0,0,,
5,Misha,Pegasus Knight,4,28,8,13,11,16,6,6,,6,9,,,,,,0,1,2,,
5,Xavier,General,6,38,13,3,9,6,3,17,,15,6,,,,,,1,0,0,,
5,Amalda,Paladin,6,34,8,13,11,15,11,9,,8,10,,,,,,1,1,2,,
5,Conomore,Paladin,13,39,13,3,18,11,4,12,,13,10,,,,,,1,1,2,,
5,Delmud,Forrest Knight,3,36,11,5,12,12,7,9,,11,10,,,,,,0,0,5,,
5,Cyas,High Priest,12,23,0,18,16,12,5,4,,5,7,,,,,,3,3,0,,
5,Sety,Sage,14,32,3,17,16,16,10,9,,8,8,,,,,,1,2,3,,
5,Galzus,Mercenary,20,54,20,9,20,20,17,14,,18,7,,,,,,0,5,3,,
Game,Name,Class,Lv,HP,S/M,,Skl,Spd,Lck,Def,Res,Con,Mov,Weapon ranks,,,,,,,,,
6,Roy,Lord,1,18,5,,5,7,7,5,0,6,5,D,,,,,,,,,
6,Marcus,Paladin,1,32,9,,14,11,10,9,8,11,8,"D,  A,  E",,,,,,,,,
6,Allen,Cavalier,1,21,7,,4,6,3,6,0,9,7,"E,  D",,,,,,,,,
6,Lance,Cavalier,1,20,5,,6,8,2,6,0,9,7,"E,  D",,,,,,,,,
6,Wolt,Archer,1,18,4,,4,5,2,4,0,7,5,D,,,,,,,,,
6,Bors,Knight,1,20,7,,4,3,4,11,0,14,4,C,,,,,,,,,
6,Merlinus,Transporter,1,15,0,,3,3,10,3,0,25,5,–,,,,,,,,,
6,Ellen,Priest,2,16,1,,6,8,8,0,6,4,5,D,,,,,,,,,
6,Dieck,Mercenary,5,26,9,,12,10,5,6,1,13,5,C,,,,,,,,,
6,Wade,Fighter,2,28,8,,3,5,4,3,0,13,5,D,,,,,,,,,
6,Lott,Fighter,3,29,7,,6,7,2,4,1,12,5,D,,,,,,,,,
6,Thany,Pegasus Knight,1,17,4,,6,12,5,6,5,4,7,D,,,,,,,,,
6,Chad,Thief,1,16,3,,3,10,4,2,0,5,6,E,,,,,,,,,
6,Lugh,Mage,1,16,4,,5,6,5,3,5,4,5,D,,,,,,,,,
6,Clarine,Troubadour,1,15,2,,5,9,8,2,5,5,7,D,,,,,,,,,
6,Rutger,Myrmidon,4,22,7,,12,13,2,5,0,7,5,C,,,,,,,,,
6,Rutger (HM),,,26,9,,14,15,4,6,1,,,,,,,,,,,,
6,Saul,Priest,5,20,4,,6,10,2,2,5,6,5,C,,,,,,,,,
6,Dorothy,Archer,3,19,5,,6,6,3,4,2,7,5,D,,,,,,,,,
6,Sue,Nomad,1,18,5,,7,8,4,5,0,5,7,D,,,,,,,,,
6,Zealot,Paladin,1,35,10,,12,13,5,11,7,11,8,"C,  A,  D",,,,,,,,,
6,Treck,Cavalier,4,25,8,,6,7,5,8,0,9,7,"E,  D",,,,,,,,,
6,Noah,Cavalier,7,27,8,,7,9,6,7,1,10,7,"C,  D",,,,,,,,,
6,Astohl,Thief,10,25,7,,8,15,11,7,3,8,6,C,,,,,,,,,
6,Lilina,Mage,1,16,5,,5,4,4,2,7,4,5,C,,,,,,,,,
6,Wendy,Knight,1,19,4,,3,3,6,8,1,10,4,D,,,,,,,,,
6,Barth,Knight,9,25,10,,6,5,2,14,1,16,4,C,,,,,,,,,
6,Oujay,Mercenary,3,24,7,,10,9,6,4,0,8,5,D,,,,,,,,,
6,Fir,Myrmidon,1,19,6,,9,10,3,3,1,5,5,D,,,,,,,,,
6,Fir (HM),,,25,9,,12,13,5,4,2,,,,,,,,,,,,
6,Shin,Nomad,5,24,7,,8,10,6,7,0,7,7,D,,,,,,,,,
6,Shin (HM),,,29,9,,11,14,8,8,1,,,,,,,,,,,,
6,Gonzales,Bandit,5,36,12,,5,9,5,6,0,15,5,C,,,,,,,,,
6,Gonzales (HM),,,43,16,,7,11,6,7,1,,,,,,,,,,,,
6,Geese,Pirate,10,33,10,,9,9,9,8,0,11,5,B,,,,,,,,,
6,Klein,Sniper,1,27,13,,13,11,10,8,6,7,6,A,,,,,,,,,
6,Klein (HM),,,33,16,,16,13,13,9,7,,,,,,,,,,,,
6,Tate,Pegasus Knight,8,22,6,,8,11,3,7,6,5,7,D,,,,,,,,,
6,Tate (HM),,,28,9,,12,15,6,8,8,,,,,,,,,,,,
6,Lalum,Dancer,1,14,1,,2,11,9,2,4,4,5,–,,,,,,,,,
6,Echidna,Hero,1,35,13,,19,18,6,8,7,9,6,"C,  B",,,,,,,,,
6,Elphin,Bard,1,15,1,,3,10,11,4,1,6,5,–,,,,,,,,,
6,Bartre,Warrior,2,48,22,,11,10,14,10,3,14,6,"A,  D",,,,,,,,,
6,Ray,Shaman,12,23,12,,9,9,6,5,10,4,5,C,,,,,,,,,
6,Cath,Thief,5,16,3,,7,11,8,2,1,5,6,E,,,,,,,,,
6,Cath (HM),,,20,3,,11,15,12,2,3,,,,,,,,,,,,
6,Miredy,Wyvern Rider,10,30,12,,11,10,5,13,3,9,7,C,,,,,,,,,
6,Miredy (HM),,,38,17,,15,13,8,16,4,,,,,,,,,,,,
6,Percival,Paladin,5,43,17,,13,18,12,14,11,12,8,"A,  A,  C",,,,,,,,,
6,Percival (HM),,,51,20,,16,20,15,15,13,,,,,,,,,,,,
6,Cecilia,Valkyria,1,30,11,,7,10,10,7,13,6,8,"C,  A",,,,,,,,,
6,Sofiya,Shaman,1,15,6,,2,4,3,1,8,3,5,C,,,,,,,,,
6,Igrene,Sniper,1,32,16,,18,15,9,11,10,7,6,B,,,,,,,,,
6,Garret,Berserker,1,49,17,,13,10,12,9,4,13,6,C,,,,,,,,,
6,Garret (HM),,,55,21,,16,11,14,10,5,,,,,,,,,,,,
6,Fa,Mamkute,1,16,2,,2,3,7,2,6,1,5,–,,,,,,,,,
6,Hugh,Mage,15,26,13,,11,12,10,9,9,7,5,C,,,,,,,,,
6,Zeis,Wyvern Rider,7,28,14,,9,8,6,12,2,10,7,D,,,,,,,,,
6,Zeis (HM),,,37,19,,13,11,9,15,3,,,,,,,,,,,,
6,Douglas,General,8,46,19,,13,8,11,20,5,17,5,"A,  A",,,,,,,,,
6,Niime,Druid,18,25,21,,20,16,15,5,18,4,6,"A,  A",,,,,,,,,
6,Dayan,Nomad Trooper,12,43,14,,16,20,12,10,12,9,8,"C,  A",,,,,,,,,
6,Juno,Falcon Knight,9,33,11,,14,16,14,8,12,7,8,"E,  A",,,,,,,,,
6,Yodel,Bishop,20,35,19,,18,14,11,5,30,6,6,"S,  A",,,,,,,,,
6,Karel,Swordmaster,19,44,20,,28,23,18,15,13,9,6,S,,,,,,,,,
6,Narshen,Wyvern Lord,10,46,16,,13,16,13,20,12,11,8,"A,  A",,,,,,,,,
6,Gale,Wyvern Lord,18,49,22,,15,13,11,22,14,12,8,"A,  A",,,,,,,,,
6,Hector,General,20,43,18,,20,10,15,30,15,20,5,"A,  A",,,,,,,,,
6,Brunya,Sage,20,38,23,,18,18,17,18,25,6,6,"A,  A",,,,,,,,,
6,Eliwood,Paladin,20,48,25,,20,22,14,24,15,11,8,"A,  S,  C",,,,,,,,,
6,Murdoch,General,20,60,27,,19,12,12,25,17,20,5,"A,  A",,,,,,,,,
6,Zephiel,King,20,60,24,,20,14,15,22,24,17,5,S,,,,,,,,,
6,Guinevere,Sage,20,29,24,,24,23,24,13,25,5,6,"A,  B,  S",,,,,,,,,
Game,Name,Class,Lv,HP,S/M,,Skl,Spd,Lck,Def,Res,Con,Mov,Weapon Ranks,,,,,,,,,
7,Lyn,Lord,1,16,4,,7,9,5,2,0,5,5,D,,,,,,,,,
7,Sain,Cavalier,1,19,8,,4,6,4,6,0,9,7,"E,  D",,,,,,,,,
7,Kent,Cavalier,1,20,6,,6,7,2,5,1,9,7,"D,  E",,,,,,,,,
7,Florina,Pegasus Knight,1,17,5,,7,9,7,4,4,4,7,D,,,,,,,,,
7,Wil,Archer,2,20,6,,5,5,6,5,0,6,5,D,,,,,,,,,
7,Dorcas,Fighter,3,30,7,,7,6,3,3,0,14,5,C,,,,,,,,,
7,Serra,Cleric,1,17,2,,5,8,6,2,5,4,5,D,,,,,,,,,
7,Erk,Mage,1,17,5,,6,7,3,2,4,5,5,D,,,,,,,,,
7,Rath,Nomad,7,25,8,,9,10,5,7,2,8,7,C,,,,,,,,,
7,Matthew,Thief,2,18,4,,4,11,2,3,0,7,6,D,,,,,,,,,
7,Nils,Bard,1,14,0,,0,12,10,5,4,3,5,–,,,,,,,,,
7,Lucius,Monk,3,18,7,,6,10,2,1,6,6,5,D,,,,,,,,,
7,Wallace *,Knight,12,30,13,,7,5,10,15,2,13,4,A,,,,,,,,,
7,,General,1,34,15,,9,8,10,17,5,15,5,"A (+30),  E",,,,,,,,,
7,Eliwood,Lord,1,18,5,,5,7,7,5,0,7,5,C,,,,,,,,,
7,Lowen,Cavalier,2,23,7,,5,7,3,7,0,10,7,"D,  D",,,,,,,,,
7,Marcus,Paladin,1,31,15,,15,11,8,10,8,11,8,"A,  A,  B",,,,,,,,,
7,Rebecca,Archer,1,17,4,,5,6,4,3,1,5,5,D,,,,,,,,,
7,Dorcas,Fighter,3,30,7,,7,6,3,3,0,14,5,C,,,,,,,,,
7,Bartre,Fighter,2,29,9,,5,3,4,4,0,13,5,D,,,,,,,,,
7,Hector,Lord,1,19,7,,4,5,3,8,0,13,5,C,,,,,,,,,
7,Oswin,Knight,9,28,13,,9,5,3,13,3,14,4,B,,,,,,,,,
7,Serra,Cleric,1,17,2,,5,8,6,2,5,4,5,D,,,,,,,,,
7,Matthew,Thief,2,18,4,,4,11,2,3,0,7,6,D,,,,,,,,,
7,Guy,Myrmidon,3,21,6,,11,11,5,5,0,5,5,C,,,,,,,,,
7,Guy HM,,,25,8,,13,13,5,6,1,,,,,,,,,,,,
7,Merlinus,Transporter,5,18,0,,4,5,12,5,2,25,0,–,,,,,,,,,
7,Erk,Mage,1,17,5,,6,7,3,2,4,5,5,D,,,,,,,,,
7,Priscilla,Troubadour,3,16,6,,6,8,7,3,6,4,7,C,,,,,,,,,
7,Lyn,Lord,4,18,5,,10,11,5,2,0,5,5,C,,,,,,,,,
7,Wil,Archer,4,21,6,,5,6,7,5,1,6,5,D,,,,,,,,,
7,Kent,Cavalier,5,23,8,,7,8,4,6,1,9,7,"D,  D",,,,,,,,,
7,Sain,Cavalier,4,22,9,,5,7,5,7,0,9,7,"D,  D",,,,,,,,,
7,Florina,Pegasus Knight,3,18,6,,8,9,8,4,5,4,7,D,,,,,,,,,
7,Raven,Mercenary,5,25,8,,11,13,2,5,1,8,5,C,,,,,,,,,
7,Raven HM,,,29,10,,13,15,2,6,2,,,,,,,,,,,,
7,Lucius,Monk,3,18,7,,6,10,2,1,6,6,5,D,,,,,,,,,
7,Canas,Shaman,8,21,10,,9,8,7,5,8,7,5,B,,,,,,,,,
7,Dart,Pirate,8,34,12,,8,8,3,6,1,10,5,B,,,,,,,,,
7,Fiora,Pegasus Knight,7,21,8,,11,13,6,6,7,5,7,C,,,,,,,,,
7,Legault,Thief,12,26,8,,11,15,10,8,3,9,6,C,,,,,,,,,
7,Legault HM,,,29,8,,13,17,10,8,4,,,,,,,,,,,,
7,Ninian,Dancer,1,14,0,,0,12,10,5,4,4,5,–,,,,,,,,,
7,Isadora,Paladin,1,28,13,,12,16,10,8,6,6,8,"A,  B,  D",,,,,,,,,
7,Heath,Wyvern Rider,7,28,11,,8,7,7,10,1,9,7,B,,,,,,,,,
7,Heath HM,,,32,13,,10,9,7,11,2,,,,,,,,,,,,
7,Rath,Nomad,9,27,9,,10,11,5,8,2,7,7,B,,,,,,,,,
7,Hawkeye,Berserker,4,50,18,,14,11,13,14,10,16,6,A,,,,,,,,,
7,Geitz,Warrior,3,40,17,,12,13,10,11,3,13,6,"B,  B",,,,,,,,,
7,Geitz HM,,,44,19,,13,14,10,12,4,,,,,,,,,,,,
7,Wallace,General,1,34,16,,9,8,10,19,5,15,5,"A,  E",,,,,,,,,
7,Farina,Pegasus Knight,12,24,10,,13,14,10,10,12,5,7,A,,,,,,,,,
7,Pent,Sage,6,33,18,,21,17,14,11,16,8,6,"A,  A",,,,,,,,,
7,Louise,Sniper,4,28,12,,14,17,16,9,12,6,6,A,,,,,,,,,
7,Karel,Swordmaster,8,31,16,,23,20,15,13,12,9,6,A,,,,,,,,,
7,Harken,Hero,8,38,21,,20,17,12,15,10,11,6,"B,  B",,,,,,,,,
7,Harken HM,,,42,23,,22,18,12,16,11,,,,,,,,,,,,
7,Nino,Mage,5,19,7,,8,11,10,4,7,3,5,C,,,,,,,,,
7,Jaffar,Assassin,13,34,19,,25,24,10,15,11,8,6,A,,,,,,,,,
7,Vaida,Wyvern Lord,9,43,20,,19,13,11,21,6,12,8,"A,  A",,,,,,,,,
7,Vaida HM,,,47,22,,21,14,11,22,7,,,,,,,,,,,,
7,Nils,Bard,Same as Ninian,,,,,,,,,3,5,–,,,,,,,,,
7,Karla,Swordmaster,5,29,14,,21,18,16,11,12,7,6,A,,,,,,,,,
7,Renault,Bishop,16,43,12,,22,20,10,15,18,9,6,"A,  A",,,,,,,,,
7,Athos,Archsage,20,40,30,,24,20,25,20,28,9,6,S  S  S  S,,,,,,,,,
Game,Name,Class,Lv,HP,Str,,Skl,Spd,Lck,Def,Res,Con,Mov,Weapon Rank,,,,,,,,,
8,Eirika,Lord,1,16,4,,8,9,5,3,1,5,5,E,,,,,,,,,
8,Seth,Paladin,1,30,14,,13,12,13,11,8,11,8,"A,  A",,,,,,,,,
8,Franz,Cavalier,1,20,7,,5,7,2,6,1,9,7,"E,  D",,,,,,,,,
8,Gilliam,Knight,4,25,9,,6,3,3,9,3,14,4,C,,,,,,,,,
8,Vanessa,Pegasus Knight,1,17,5,,7,11,4,6,5,5,7,D,,,,,,,,,
8,Moulder,Priest,3,20,4,,6,9,1,2,5,9,5,C,,,,,,,,,
8,Ross,Journeyman,1,15,5,,2,3,8,3,0,8,4,E,,,,,,,,,
8,Garcia,Fighter,4,28,8,,7,7,3,5,1,14,5,C,,,,,,,,,
8,Neimi,Archer,1,17,4,,5,6,4,3,2,5,5,D,,,,,,,,,
8,Colm,Thief,2,18,4,,4,10,8,3,1,6,6,E,,,,,,,,,
8,Artur,Monk,2,19,6,,6,8,2,2,6,6,5,E,,,,,,,,,
8,Lute,Mage,1,17,6,,6,7,8,3,5,3,5,C,,,,,,,,,
8,Natasha,Cleric,1,18,2,,4,8,6,2,6,4,5,D,,,,,,,,,
8,Joshua,Myrmidon,5,24,8,,13,14,7,5,2,8,5,C,,,,,,,,,
8,Ephraim,Lord,4,23,8,,9,11,8,7,2,8,5,D,,,,,,,,,
8,Forde,Cavalier,6,24,7,,8,8,7,8,2,9,7,"D,  C",,,,,,,,,
8,Kyle,Cavalier,5,25,9,,6,7,6,9,1,10,7,"D,  C",,,,,,,,,
8,Orson,Paladin,3,34,15,,13,11,4,13,7,12,8,"A,  A",,,,,,,,,
8,Tana,Pegasus Knight,4,20,7,,9,13,8,6,7,5,7,D,,,,,,,,,
8,Amelia,Recruit,1,16,4,,3,4,6,2,3,6,4,E,,,,,,,,,
8,Innes,Sniper,1,31,14,,13,15,14,10,9,9,6,A,,,,,,,,,
8,Gerik,Mercenary,10,32,14,,13,13,8,10,4,13,5,C,,,,,,,,,
8,Tethys,Dancer,1,18,1,,2,12,10,5,4,5,5,–,,,,,,,,,
8,Marisa,Myrmidon,5,23,7,,12,13,9,4,3,5,5,D,,,,,,,,,
8,L’Arachel,Troubadour,3,18,6,,6,10,12,5,8,5,6,D,,,,,,,,,
8,Dozla,Berserker,1,43,16,,11,9,4,11,6,16,6,B,,,,,,,,,
8,Saleh,Sage,1,30,16,,18,14,11,8,13,8,6,"A,  B,  C",,,,,,,,,
8,Ewan,Pupil,1,15,3,,2,5,5,0,3,5,4,E,,,,,,,,,
8,Cormag,Wyvern Rider,9,30,14,,9,10,4,12,2,11,7,C,,,,,,,,,
8,Rennac,Rogue,1,28,10,,16,17,5,9,11,7,6,B,,,,,,,,,
8,Duessel,Great Knight,8,41,17,,12,12,8,17,9,15,6,"A,  A,  A",,,,,,,,,
8,Knoll,Shaman,10,22,13,,9,8,0,2,10,7,5,C,,,,,,,,,
8,Myrrh,Manakete,1,15,3,,1,5,3,2,7,5,6,–,,,,,,,,,
8,Syrene,Falcon Knight,1,27,12,,13,15,12,10,12,7,8,"C,  A",,,,,,,,,
8,Caellach,Hero,12,47,19,,14,13,14,15,13,13,6,"A,  A",,,,,,,,,
8,Orson,Paladin,13,48,18,,15,14,6,14,11,12,8,"A,  A",,,,,,,,,
8,Riev,Bishop,16,49,14,,21,19,9,16,18,7,6,"S,  A",,,,,,,,,
8,Ismaire,Swordmaster,9,33,16,,20,23,12,8,15,7,6,A,,,,,,,,,
8,Selena,Mage Knight,11,38,13,,13,16,10,11,17,6,7,"A,  B",,,,,,,,,
8,Glen,Wyvern Lord,12,46,20,,17,13,7,18,5,12,8,"A,  A",,,,,,,,,
8,Hayden,Ranger,10,37,17,,14,15,17,12,12,10,7,"A,  A",,,,,,,,,
8,Valter,Wyvern Knight,13,45,19,,17,17,3,13,12,11,8,S,,,,,,,,,
8,Fado,General,11,46,20,,14,12,5,18,11,18,5,"A,  A,  A",,,,,,,,,
8,Lyon,Necromancer,14,44,22,,13,11,4,17,19,7,6,"S,  A",,,,,,,,,
Game,Name,Class,Lv,HP,Str,Mag,Skl,Spd,Lck,Def,Res,Con,Mov,,,,,,,,,Wt,
9,Ike,Ranger,1,19,5,1,6,7,6,5,0,9,6,,,,,,,,,9,
9,Titania,Paladin,1,33,12,4,13,14,11,11,7,8,9,,,,,,,,,31,
9,Oscar,Lance Knight,3,26,6,1,6,7,5,8,0,10,8,,,,,,,,,33,
9,Boyd,Fighter,2,30,7,0,4,6,4,5,0,10,6,,,,,,,,,10,
9,Rhys,Priest,4,22,0,10,8,5,8,0,14,8,5,,,,,,,,,8,
9,Shinon,Sniper,1,32,9,6,15,13,9,9,6,9,7,,,,,,,,,10,
9,Gatrie,Knight,9,31,12,0,6,5,5,14,0,12,5,,,,,,,,,16,
9,Soren,Mage,1,18,0,6,8,8,5,2,7,6,5,,,,,,,,,6,
9,Mia,Myrmidon,6,21,7,0,10,13,6,7,2,6,6,,,,,,,,,6,
9,Ilyana,Mage,6,20,1,8,10,9,6,3,10,5,5,,,,,,,,,5,
9,Marcia,Pegasus Knight,5,20,8,0,7,11,4,8,6,6,8,,,,,,,,,22,
9,Mist,Cleric,1,16,1,4,4,7,6,2,7,5,5,,,,,,,,,5,
9,Rolf,Archer,1,18,5,0,8,6,4,6,2,4,6,,,,,,,,,4,
9,Lethe,Beast tribe (Cat),3,34,12,4,10,12,15,9,7,6,7,,,,,,,,,21,
9,Mordecai,Beast tribe (Tiger),2,41,15,2,8,8,10,13,4,18,7,,,,,,,,,33,
9,Volke,Thief,10,25,12,0,13,13,7,7,3,11,7,,,,,,,,,11,
9,Kieran,Axe Knight,12,30,11,1,10,12,8,10,1,10,8,,,,,,,,,33,
9,Brom,Knight,8,28,10,1,9,7,4,13,2,13,5,,,,,,,,,17,
9,Nephenee,Soldier,7,22,8,2,10,11,6,9,3,8,6,,,,,,,,,10,
9,Zihark,Myrmidon,10,25,10,1,13,15,6,7,0,9,6,,,,,,,,,10,
9,Jill,Wyvern Rider,8,24,11,0,10,9,6,11,2,7,8,,,,,,,,,35,
9,Sothe,Thief,1,20,5,1,7,11,5,4,0,6,7,,,,,,,,,6,
9,Astrid,Bow Knight,1,20,6,2,6,7,3,5,4,7,8,,,,,,,,,29,
9,Makalov,Sword Knight,10,30,9,2,7,10,8,10,2,10,8,,,,,,,,,33,
9,Stefan,Swordmaster,8,38,19,8,27,25,5,12,9,13,7,,,,,,,,,13,
9,Muarim,Beast tribe (Tiger),9,45,16,4,13,15,11,12,5,14,7,,,,,,,,,29,
9,Tormod,Mage,7,20,2,10,9,9,8,4,9,6,5,,,,,,,,,6,
9,Devdan,Halberdier,4,36,14,7,15,13,16,11,10,12,7,,,,,,,,,16,
9,Tanith,Falcon Knight,10,32,16,10,18,24,18,15,13,8,9,,,,,,,,,25,
9,Reyson,Bird tribe (Heron),3,22,1,10,11,14,15,2,20,8,5,,,,,,,,,5,
9,Janaff,Bird tribe (Hawk),8,39,13,5,15,17,16,11,10,6,6,,,,,,,,,6,
9,Ulki,Bird tribe (Hawk),7,41,15,4,14,12,10,14,9,10,6,,,,,,,,,10,
9,Calill,Sage,6,32,8,19,18,18,16,8,17,7,6,,,,,,,,,7,
9,Tauroneo,General,14,48,22,11,18,13,14,22,14,10,6,,,,,,,,,15,
9,Ranulf,Beast tribe (Cat),9,46,19,4,17,17,13,17,6,9,7,,,,,,,,,24,
9,Haar,Wyvern Lord,11,47,21,8,19,17,12,20,10,13,9,,,,,,,,,42,
9,Lucia,Swordmaster,12,36,15,12,21,23,16,10,8,8,7,,,,,,,,,8,
9,Bastian,Sage,13,35,12,19,21,16,15,12,20,10,6,,,,,,,,,10,
9,Geoffrey,Paladin,11,43,18,9,17,19,12,21,9,11,9,,,,,,,,,35,
9,Largo,Berserker,7,52,21,4,21,20,12,10,3,15,7,,,,,,,,,17,
9,Elincia,Princess Crimea,1,27,9,12,16,18,15,11,15,6,9,,,,,,,,,23,
9,Ena,Dragon tribe (Red),10,52,20,9,17,15,14,23,21,6,5,,,,,,,,,11,
9,Nasir,Dragon tribe (White),18,56,20,11,23,22,17,24,27,12,5,,,,,,,,,17,
9,Tibarn,Bird tribe (Hawk),18,63,30,11,31,24,24,26,19,14,6,,,,,,,,,14,
9,Naesala,Bird tribe (Raven),17,57,25,15,26,31,19,21,16,11,6,,,,,,,,,10,
9,Giffca,Beast tribe (Lion),20,68,32,10,28,25,22,25,16,17,7,,,,,,,,,37,
Game,Name,Class,Lv,HP,Str,Mag,Skl,Spd,Lck,Def,Res,Con,Mov,,,,,,,,,Wt,
10,Micaiah,Light Mage,1,15,2,7,8,7,10,2,4,5,5,,,,,,,,,5,
10,Edward,Myrmidon,4,19,7,0,11,12,8,5,0,7,6,,,,,,,,,7,
10,Leonardo,Archer,4,17,8,0,12,10,6,5,4,7,6,,,,,,,,,7,
10,Nolan,Fighter,9,29,12,0,11,10,7,9,3,13,6,,,,,,,,,13,
10,Laura,Priest,1,16,3,8,3,5,8,2,10,5,5,,,,,,,,,5,
10,Sothe*,Rogue,1,35,18,4,20,20,15,14,9,8,7,,,,,,,,,8,
10,Ilyana*,Thunder Mage,12,22,6,12,12,13,6,3,9,5,5,,,,,,,,,5,
10,Aran,Soldier,7,24,10,0,12,10,6,11,2,11,6,,,,,,,,,15,
10,Meg,Armor Sword,3,21,10,1,7,8,8,10,5,6,5,,,,,,,,,12,
10,Volug,Wolf,15,49,11,2,12,13,13,9,5,11,7,,,,,,,,,18,
10,Tauroneo*,Lance General,14,38,24,12,22,20,18,21,15,11,6,,,,,,,,,21,
10,Jill*,Dracoknight,14,24,11,1,12,15,14,13,3,7,8,,,,,,,,,36,
10,Zihark*,Swordmaster,3,30,17,6,22,23,11,13,11,11,7,,,,,,,,,11,
10,Fiona,Lance Knight,9,25,8,6,8,10,7,8,6,7,8,,,,,,,,,31,
10,Tormod*,Fire Sage,5,34,13,17,16,20,14,12,14,7,6+2,,,,,,,,,7,
10,Muarim*,Tiger,19,58,18,3,14,11,12,15,9,14,7,,,,,,,,,23,
10,Vika,Raven,13,38,9,5,13,15,14,7,7,6,6,,,,,,,,,5,
10,Nailah,Wolf Queen,33,66,17,5,23,19,35,16,13,9,7,,,,,,,,,16,
10,Rafiel,Heron,12,31,1,6,1,6,31,3,13,8,5,,,,,,,,,5,
10,Black Knight,Black Knight,20,70,38,18,40,30,20,35,25,13,6,,,,,,,,,25,
10,Elincia*,Queen,1,36,19,17,21,22,29,18,24,6,9,,,,,,,,,23,
10,Marcia*,Falcon Knight,5,34,16,6,17,20,12,16,15,7,9,,,,,,,,,23,
10,Nealuchi,Raven,22,53,10,4,9,18,24,10,10,7,6,,,,,,,,,7,
10,Leanne,Heron,5,25,0,3,1,6,27,2,11,5,5,,,,,,,,,2,
10,Haar*,Dragonmaster,11,46,23,2,24,20,13,23,7,12,9,,,,,,,,,42,
10,Brom*,Axe General,2,36,19,4,17,16,13,21,9,11,6,,,,,,,,,21,
10,Nephenee*,Halberdier,1,32,15,6,19,20,12,15,14,7,7,,,,,,,,,12,
10,Heather,Rogue,7,32,15,9,21,25,16,10,14,7,7,,,,,,,,,7,
10,Lucia*,Swordmaster,14,38,18,10,27,27,19,14,15,8,7,,,,,,,,,8,
10,Lethe*,Cat,21,51,9,6,13,12,18,9,10,6,7,,,,,,,,,11,
10,Mordecai*,Tiger,16,57,14,1,9,9,15,16,4,18,7,,,,,,,,,27,
10,Geoffrey*,Lance Paladin,15,37,24,8,23,20,19,18,15,11,9,,,,,,,,,36,
10,Kieran*,Axe Paladin,11,41,21,6,20,20,16,18,11,11,9,,,,,,,,,36,
10,Astrid*,Bow Paladin,2,33,13,8,16,15,17,10,14,7,9,,,,,,,,,31,
10,Makalov*,Blade Paladin,7,37,18,5,17,18,20,17,9,10,9,,,,,,,,,35,
10,Danved*,Halberdier,9,39,17,8,23,21,18,15,12,12,7,,,,,,,,,18,
10,Calill*,Fire Sage,6,32,9,19,18,18,16,11,17,7,6,,,,,,,,,7,
10,Ike*,Hero,11,44,24,2,28,23,14,21,7,12,7,,,,,,,,,13,
10,Titania*,Axe Paladin,16,36,25,10,22,21,19,20,14,8,9,,,,,,,,,33,
10,Soren*,Wind Sage,5,28,9,23,21,18,11,9,21,6,6,,,,,,,,,6,
10,Mist*,Cleric,1,28,8,13,13,15,16,7,16,5,7,,,,,,,,,5,
10,Rolf*,Sniper,1,32,17,3,20,19,13,13,9,6,7,,,,,,,,,7,
10,Boyd*,Warrior,8,45,22,1,20,18,13,15,8,12,7,,,,,,,,,13,
10,Oscar*,Lance Paladin,12,38,20,7,22,21,18,17,13,11,9,,,,,,,,,36,
10,Shinon*,Sniper,13,43,21,7,28,24,15,20,14,10,7,,,,,,,,,11,
10,Gatrie*,Lance General,10,44,25,5,18,20,15,24,11,13,6,,,,,,,,,23,
10,Rhys*,Bishop,3,27,8,23,16,14,21,7,24,9,6,,,,,,,,,9,
10,Mia*,Swordmaster,7,34,17,5,26,28,18,13,8,7,7,,,,,,,,,7,
10,Ranulf*,Cat,26,55,14,6,16,15,23,13,10,9,7,,,,,,,,,14,
10,Kyza,Tiger,18,55,10,3,10,11,14,10,5,12,7,,,,,,,,,21,
10,Lyre,Cat,17,47,7,6,11,11,16,7,8,6,7,,,,,,,,,11,
10,Reyson*,Heron,15,40,3,5,5,11,31,6,17,8,6,,,,,,,,,5,
10,Janaff*,Hawk,29,57,16,2,19,17,30,12,8,6,7,,,,,,,,,7,
10,Ulki*,Hawk,28,59,14,3,17,18,25,11,10,10,7,,,,,,,,,11,
10,Sigrun,Falcon Knight,19,34,18,13,22,24,28,20,22,7,9,,,,,,,,,23,
10,Tanith*,Falcon Knight,16,35,20,10,21,23,22,19,20,8,9,,,,,,,,,24,
10,Sanaki,Empress,1,28,2,33,22,23,32,10,28,4,6,,,,,,,,,4,
10,Skrimir,Lion,25,66,19,3,14,13,24,16,9,16,7,,,,,,,,,26,
10,Tibarn*,Hawk King,31,68,18,2,24,20,29,16,10,14,8,,,,,,,,,16,
10,Naesala*,Raven King,27,60,17,7,20,21,20,13,14,11,7,,,,,,,,,12,
10,Pelleas,Dark Sage,12,33,13,24,20,21,14,14,19,9,6,,,,,,,,,9,
10,Stefan*,Trueblade,8,53,27,7,37,36,20,21,16,13,7,,,,,,,,,13,
10,Oliver,Saint,8,48,22,31,22,20,28,18,32,12,6,,,,,,,,,12,
10,Bastian*,Arch Sage,10,45,21,35,27,24,21,20,32,10,6,,,,,,,,,10,
10,Volke*,Assassin,13,52,30,5,36,35,19,26,22,11,7,,,,,,,,,11,
10,Kurthnaga,Dragon Prince,20,55,15,7,8,10,21,15,15,7,6,,,,,,,,,12,
10,Ena*,Red Dragon,22,59,10,15,13,11,18,13,17,6,5,,,,,,,,,11,
10,Caineghis,Lion King,36,76,22,4,23,17,30,22,10,17,7,,,,,,,,,27,
10,Giffca*,Lion,36,73,21,4,22,18,28,20,11,17,7,,,,,,,,,27,
10,Renning,Gold Knight,16,56,31,18,32,29,24,27,23,11,9,,,,,,,,,37,
10,Gareth,Red Dragon,31,82,22,5,10,7,20,21,9,18,5,,,,,,,,,26,
10,Nasir*,White Dragon,34,74,7,24,13,8,19,12,21,11,5,,,,,,,,,18,
10,Lehran,Chancellor,20,50,11,40,40,40,40,23,40,9,6,,,,,,,,,9,
Game,Name,Class,Lv,HP,Str,Mag,Skl,Spd,Lck,Def,Res,,Mov,Weapon Rank,,Equipment,,Skills,,,,,
11,Avatar,Tactician,1,19,6,5,5,6,4,6,4,,5,E (+10)  E (+10),,"Thunder, Bronze Sword",,Veteran,,,,,
11,Chrom,Lord,1,20,7,1,8,8,5,7,1,,6,E (+10),,"Falchion, Rapier, Vulnerary",,Dual Strike+,,,,,
11,Lissa,Cleric,1,17,1,5,4,4,8,3,4,,5,E,,"Heal, Vulnerary",,Miracle,,,,,
11,Frederick,Great Knight,1,28,13,2,12,10,6,14,3,,7,D  B  D,,Silver Lance,,"Discipline, Outdoor Fighter",,,,,
11,Sully,Cavalier,2,20,7,1,8,8,6,7,2,,7,E  E (+20),,Bronze Lance,,Discipline,,,,,
11,Virion,Archer,2,19,6,0,9+2,5,7,6,1,,5,D,,"Iron Bow, Elixir",,Skill +2,,,,,
11,Stahl,Cavalier,2,22,8,0,7,6,5,8,1,,7,E (+20)  E,,Bronze Sword,,Discipline,,,,,
11,Vaike,Fighter,3,24+5,9,0,8,6,4,5,0,,5,D,,–,,HP +5,,,,,
11,Miriel,Mage,1,18,0,6+2,5,7,6,3,4,,5,E (+10),,"Fire, Iron Axe",,Magic +2,,,,,
11,Sumia,Pegasus Knight,1,18,6,3,11,11+2,8,5,7,,7,D,,"Iron Lance, Vulnerary",,Speed +2,,,,,
11,Kellam,Knight,5,21,10,0,7,5,3,12+2,2,,4,D,,"Iron Lance, Javelin, Vulnerary",,Defence +2,,,,,
11,Donnel,Villager,1,16,4,0,2,3,11,3,0,,5,E,,"Bronze Lance, Vulnerary",,Aptitude,,,,,
11,Lon’qu,Myrmidon,4,20,6,1,12,13,7,7,2,,5,C,,Killing Edge,,Avoid +10,,,,,
11,Ricken,Mage,3,20,3,8+2,6,5,10,6,3,,5,D,,Elwind,,Magic +2,,,,,
11,Maribelle,Troubadour,3,18,0,5,4,6,5,3,6+2,,7,D,,"Mend, Vulnerary",,Resistance +2,,,,,
11,Panne,Taguel,6,28,8+3,1,9+5,10+5,8+4,7+1,3,,6,–,,"Beaststone, Concoction",,Even Rhythm,,,,,
11,Gaius,Thief,5,22,7,0,13,15,6,5,2,,5,D (+20),,Iron Sword,,Locktouch,,,,,
11,Cordelia,Pegasus Knight,7,25,9,3,13,12+2,9,8,8,,7,C,,"Steel Lance, Javelin, Vulnerary",,Speed +2,,,,,
11,Gregor,Mercenary,10,30,12,0,13,11,8,10,2,,5,C,,"Steel Sword, Vulnerary",,"Armsthrift, Patience",,,,,
11,Gregor (L),,,31,13,0,14,12,8,11,2,,,,,,,,,,,,
11,Nowi,Manakete,3,18,4+8,0+5,2+3,3+2,8,2+10,2+7,,6,–,,Dragonstone,,Odd Rhythm,,,,,
11,Nowi (L),,,19,5+8,0+5,3+3,4+2,9,3+10,3+7,,,,,,,,,,,,
11,Libra,War Monk,1,38,14,15,13,13,10,11,16,,6,C  C,,"Killer Axe, Mend, Ward, Concoction",,"Healtouch, Miracle",,,,,
11,Libra (H),,,39,14,16,13,14,10,11,16,,,,,,,,,,,,
11,Libra (L),,,40,15,16,13,14,11,12,17,,,,,,,,,,,,
11,Tharja,Dark Mage,10,25,4,11,5,12,3,10,7,,5,D,,"Elthunder, Nosferatu",,"Hex, Anathema",,,,,
11,Tharja (L),,,26,4,12,5,13,3,10,7,,,,,,,,,,,,
11,Anna,Trickster,1,35,12,17,22,21,25,8,10,,6+1,C  D,,"Steel Sword, Heal, Concoction",,"Movement +1, Locktouch",,,,,
11,Anna (H),,,36,12,17,23,22,26,8,10,,,,,,,,,,,,
11,Anna (L),,,37,13,18,23,22,27,9,11,,,,,,,,,,,,
11,Olivia,Dancer,1,18,3,1,8,9,5+4,3,2,,5,D,,"Iron Sword, Concoction",,Luck +4,,,,,
11,Cherche,Wyvern Rider,12,30,14+2,1,12,11,8,15,2,,7,C,,"Steel Axe, Hammer",,"Strength +2, Tantivy",,,,,
11,Cherche (H),,,31,15+2,1,13,12,9,16,2,,,,,,,,,,,,
11,Cherche (L),,,33,16+2,2,14,13,10,17,2,,,,,,,,,,,,
11,Henry,Dark Mage,12,28,6,13,14,8,10,12,5,,5,C,,"Ruin, Elfire, Concoction",,"Hex, Anathema",,,,,
11,Henry (H),,,29,6,14,15,9,10,13,5,,,,,,,,,,,,
11,Henry (L),,,31,7,15,16,10,11,14,6,,,,,,,,,,,,
11,Say’ri,Swordmaster,1,39,17,7,23,26,20,12,10,,6,B,,Concoction,,"Avoid +10, Vantage",,,,,
11,Say’ri (H),,,41,18,7,24,27,21,13,11,,,,,,,,,,,,
11,Say’ri (L),,,43,19,8,26,29,22,14,12,,,,,,,,,,,,
11,Tiki,Manakete,20,39,18+11,10+6,14+5,16+4,18,15+13,12+9,,6,–,,Dragonstone+,,"Odd Rhythm, Wyrmsbane",,,,,
11,Tiki (H),,,44,20+11,12+6,17+5,19+4,21,17+13,14+9,,,,,,,,,,,,
11,Tiki (L),,,49,23+11,14+6,20+5,22+4,24,20+13,17+9,,,,,,,,,,,,
11,Basilio,Warrior,10,56+5,30,3,25,21,18,20,8,,6,A  B,,"Silver Axe, Hammer, Silver Bow",,"HP +5, Zeal, Rally Strength",,,,,
11,Basilio (H),,,62+5,34,4,28,25,20,23,9,,,,,,,,,,,,
11,Basilio (L),,,67+5,37,4,31,28,23,25,10,,,,,,,,,,,,
11,Flavia,Hero,10,48,25,5,28,26,21,23,11,,6,A  B,,"Silver Sword, Short Axe",,"Armsthrift, Patience, Sol",,,,,
11,Flavia (H),,,53,28,6,32,30,24,25,13,,,,,,,,,,,,
11,Flavia (L),,,58,31,7,35,35,27,27,14,,,,,,,,,,,,
11,Lucina,Lord,10,12,5,1,8,4,13,3,3,,5,C,,"Parallel Falchion, Rapier",,"Dual Strike+, Charm, Aether *1",,,,,
11,Owain,Myrmidon,10,10,4,4,5,6,9,6,5,,5,C,,Steel Sword,,"Avoid +10, Vantage",,,,,
11,Inigo,Mercenary,10,11,5,2,4,9,12,4,4,,5,C,,"Killing Edge, Concoction",,"Armsthrift, Patience",,,,,
11,Brady,Priest,10,9,6,5,4,2,10,7,4,,5,D,,"Mend, Concoction",,"Miracle, Healtouch",,,,,
11,Kjelle,Knight,10,10,6,2,6,5,11,3,3,,4,C,,"Steel Lance, Concoction",,"Defence +2, Indoor Fighter",,,,,
11,Cynthia,Pegasus Knight,10,7,5,2,4,10,17,6,6,,8,C,,Steel Lance,,"Speed +2, Relief",,,,,
11,Severa,Mercenary,10,8,6,1,7,6,6,6,5,,5,C,,Steel Sword,,"Armsthrift, Patience",,,,,
11,Gerome,Wyvern Rider,10,13,8,0,4,8,5,5,1,,8,C,,"Steel Axe, Concoction",,"Strength +2, Tantivy",,,,,
11,Morgan,Varies,10,9,6,8,7,6,7,3,7,,Varies,,,"Varies *2, Concoction",,Varies,,,,,
11,Yarne,Taguel,10,16,9,1,4,4,13,6,1,,6,–,,"Beaststone, Elixir",,Even Rhythm,,,,,
11,Laurent,Mage,10,10,3,7,7,4,11,4,5,,5,C,,Elwind,,"Magic +2, Focus",,,,,
11,Noire,Archer,10,8,5,3,4,7,10,4,6,,5,C,,Steel Bow,,"Skill +2, Prescience",,,,,
11,Nah,Manakete,10,5,3,3,5,6,8,3,3,,6,–,,Dragonstone,,Odd Rhythm,,,,,
Game,Name,Class,Level,HP,Str,Mag,Skl,Spd,Lck,Def,Res,,Mov,,,,,,,,,,
12,Avatar,Nohr Prince(ss),1,19,7,4,7,6,5,6,2,,5,,,,,,,,,,
12,Felicia,Maid,1,19,5,9,10,10,12,5,9,,6,,,,,,,,,,
12,Felicia (Chapter 16),,13,24,7,14,15,17,20,7,14,,6,,,,,,,,,,
12,Jakob,Butler,1,21,8,6,12,9,10,7,6,,6,,,,,,,,,,
12,Jakob (Chapter 16),,13,27,13,9,19,15,17,11,10,,6,,,,,,,,,,
12,Kaze,Ninja,3,19,7,0,9,12,4,5,10,,5,,,,,,,,,,
12,Azura,Songstress,1,16,5,2,8,8,6,4,7,,5,,,,,,,,,,
12,Silas,Cavalier,6,22,11,0,9,8,7,10,5,,7,,,,,,,,,,
12,Shura,Adventurer,10,34,20,11,23,27,15,14,24,,6,,,,,,,,,,
12,Izana *1,Onmyoji,5,31,8,23,25,18,17,14,24,,6,,,,,,,,,,
12,Mozu,Villager,1,16,6,0,5,7,3,4,1,,5,,,,,,,,,,
12,Rinkah,Oni Savage,4,20,8,2,6,8,5,10,3,,5,,,,,,,,,,
12,Sakura,Shrine Maiden,1,16,3,6,5,7,9,5,7,,5,,,,,,,,,,
12,Hana,Samurai,4,20,9,0,11,11,5,6,9,,5,,,,,,,,,,
12,Subaki,Sky Knight,5,22,8,0,13,10,7,9,10,,7,,,,,,,,,,
12,Saizo,Ninja,7,23,11,3,14,11,9,9,7,,5,,,,,,,,,,
12,Orochi,Diviner,5,20,0,9,11,7,6,5,10,,5,,,,,,,,,,
12,Hinoka,Sky Knight,8,23,9,4,13,16,12,9,15,,7,,,,,,,,,,
12,Azama,Monk,7,24,9,7,9,10,12,10,8,,5,,,,,,,,,,
12,Setsuna,Archer,3,19,8,0,9,10,6,5,3,,5,,,,,,,,,,
12,Hayato,Diviner,1,16,1,4,5,7,8,4,5,,5,,,,,,,,,,
12,Oboro,Spear Fighter,10,25,13,0,11,12,11,13,8,,5,,,,,,,,,,
12,Hinata,Samurai,10,26,11,0,9,14,10,12,4,,5,,,,,,,,,,
12,Takumi,Archer,11,26,13,0,17,11,13,10,4,,5,,,,,,,,,,
12,Kagero,Ninja,10,22,15,0,10,12,7,9,10,,5,,,,,,,,,,
12,Reina,Kinshi Knight,1,28,17,5,14,20,14,10,13,,8,,,,,,,,,,
12,Kaden,Kitsune,14,30,15,1,12,19,14,9,14,,5,,,,,,,,,,
12,Ryoma,Swordmaster,4,36,20,2,18,24,20,16,13,,6,,,,,,,,,,
12,Scarlet,Wyvern Lord,1,30,23,4,17,19,14,22,6,,8,,,,,,,,,,
12,Yukimura *2,Mechanist,10,38,25,3,29,23,18,21,22,,7,,,,,,,,,,
12,Kana,Nohr Prince(ss),10,7,3,6,8,8,9,5,5,,5,,,,,,,,,,
12,Shigure,Sky Knight,10,9,6,1,7,7,5,8,7,,7,,,,,,,,,,
12,Dwyer,Troubadour,10,8,7,7,2,6,4,6,7,,7,,,,,,,,,,
12,Sophie,Cavalier,10,8,6,2,7,6,7,4,6,,7,,,,,,,,,,
12,Midori,Apothecary,10,8,6,2,10,4,10,4,2,,5,,,,,,,,,,
12,Shiro,Spear Fighter,10,8,7,0,5,3,6,8,5,,5,,,,,,,,,,
12,Kiragi,Archer,10,7,6,0,5,6,8,4,1,,5,,,,,,,,,,
12,Asugi,Ninja,10,6,7,4,7,6,9,4,9,,5,,,,,,,,,,
12,Selkie,Kitsune,10,7,4,3,6,7,10,6,11,,5,,,,,,,,,,
12,Hisame,Samurai,10,6,6,1,7,5,4,5,4,,5,,,,,,,,,,
12,Mitama,Shrine Maiden,10,6,7,6,6,8,10,3,5,,5,,,,,,,,,,
12,Caeldori,Sky Knight,10,8,8,3,5,6,9,5,6,,7,,,,,,,,,,
12,Rhajat,Diviner,10,8,1,10,0,7,6,5,12,,5,,,,,,,,,,
12,Gunter,Great Knight,3,24,10,0,15,8,9,10,4,,7,,,,,,,,,,
12,Gunter (Chapter 15),,10,34,17,0,24,10,13,20,6,,7,,,,,,,,,,
12,Elise,Troubadour,5,19,2,11,5,10,14,4,11,,7,,,,,,,,,,
12,Arthur,Fighter,7,24,12,0,9,8,1,9,4,,5,,,,,,,,,,
12,Effie,Knight,6,23,13,0,8,5,10,12,4,,4,,,,,,,,,,
12,Odin,Dark Mage,5,21,5,8,10,7,9,6,7,,5,,,,,,,,,,
12,Niles,Outlaw,8,22,9,5,9,15,6,7,12,,5,,,,,,,,,,
12,Nyx,Dark Mage,9,20,1,12,5,11,3,4,8,,5,,,,,,,,,,
12,Camilla,Malig Knight,1,30,19,11,15,19,12,18,15,,8,,,,,,,,,,
12,Selena,Mercenary,10,24,12,3,12,15,9,11,8,,5,,,,,,,,,,
12,Beruka,Wyvern Rider,9,23,13,0,14,9,10,14,7,,7,,,,,,,,,,
12,Laslow,Mercenary,12,28,15,0,16,13,14,10,7,,5,,,,,,,,,,
12,Peri,Cavalier,10,25,13,0,9,13,9,10,10,,7,,,,,,,,,,
12,Benny,Knight,15,31,15,0,15,6,12,19,10,,4,,,,,,,,,,
12,Charlotte,Fighter,10,28,15,0,10,13,9,8,2,,5,,,,,,,,,,
12,Leo,Dark Knight,2,34,14,20,14,15,15,16,20,,8,,,,,,,,,,
12,Keaton,Wolfskin,15,35,19,0,10,13,9,16,7,,5,,,,,,,,,,
12,Xander,Paladin,4,38,23,4,18,15,20,23,11,,8,,,,,,,,,,
12,Flora *2,Maid,5,29,18,16,25,15,11,14,23,,6,,,,,,,,,,
12,Siegbert,Cavalier,10,7,5,2,7,6,7,6,3,,7,,,,,,,,,,
12,Forrest,Troubadour,10,8,5,9,1,4,5,6,13,,7,,,,,,,,,,
12,Ignatius,Knight,10,8,7,0,6,4,7,6,7,,4,,,,,,,,,,
12,Velouria,Wolfskin,10,7,6,0,6,6,11,9,8,,5,,,,,,,,,,
12,Percy,Wyvern Rider,10,6,4,0,6,6,15,8,4,,7,,,,,,,,,,
12,Ophelia,Dark Mage,10,7,3,6,6,7,12,2,5,,5,,,,,,,,,,
12,Soleil,Mercenary,10,6,7,1,3,6,7,5,6,,5,,,,,,,,,,
12,Nina,Outlaw,10,5,8,5,5,5,11,3,10,,5,,,,,,,,,,
Game,Name,,,HP,Str,Mag,Dex,Spd,Lck,Def,Res,,,,,,,,,,,,Cha
13,Protagonist,,,27,13,6,9,8,8,6,6,,,,,,,,,,,,7
13,Sothis (NPC),,,26,6,12,6,6,8,6,10,,,,,,,,,,,,10
13,Edelgard,,,29,13,6,5,8,5,6,4,,,,,,,,,,,,10
13,Hubert,,,22,6,12,6,7,6,4,7,,,,,,,,,,,,6
13,Dorothea,,,24,5,11,6,7,6,4,7,,,,,,,,,,,,8
13,Ferdinand,,,28,8,5,6,8,6,6,2,,,,,,,,,,,,7
13,Bernadetta,,,25,8,5,7,7,5,4,2,,,,,,,,,,,,6
13,Caspar,,,26,9,3,5,6,8,6,2,,,,,,,,,,,,4
13,Petra,,,25,9,3,7,10,7,5,2,,,,,,,,,,,,6
13,Linhardt,,,24,5,10,6,5,7,5,9,,,,,,,,,,,,3
13,Dimitri,,,28,12,4,7,7,5,7,4,,,,,,,,,,,,9
13,Dedue,,,30,12,2,5,7,5,8,1,,,,,,,,,,,,4
13,Felix,,,26,10,5,6,9,5,5,3,,,,,,,,,,,,5
13,Mercedes,,,25,6,10,6,8,5,5,9,,,,,,,,,,,,8
13,Ashe,,,23,8,5,8,9,6,5,6,,,,,,,,,,,,5
13,Annette,,,23,6,11,7,7,6,5,4,,,,,,,,,,,,6
13,Sylvain,,,27,9,5,5,8,6,6,2,,,,,,,,,,,,7
13,Ingrid,,,27,8,6,6,8,6,5,8,,,,,,,,,,,,8
13,Claude,,,26,11,5,8,8,7,6,4,,,,,,,,,,,,8
13,Lorenz,,,28,8,7,6,7,5,6,6,,,,,,,,,,,,3
13,Hilda,,,29,10,5,5,8,6,6,3,,,,,,,,,,,,7
13,Raphael,,,30,11,3,5,6,6,7,1,,,,,,,,,,,,4
13,Lysithea,,,22,4,11,7,7,4,3,4,,,,,,,,,,,,5
13,Ignatz,,,25,8,5,7,8,8,4,6,,,,,,,,,,,,4
13,Marianne,,,23,5,11,6,7,6,4,8,,,,,,,,,,,,7
13,Leonie,,,26,9,5,8,9,6,7,2,,,,,,,,,,,,7
13,Rhea (NPC),,,28,9,9,6,6,6,6,10,,,,,,,,,,,,10
13,Manuela,,,26,10,8,6,8,6,5,4,,,,,,,,,,,,7
13,Hanneman,,,25,6,10,6,6,4,5,7,,,,,,,,,,,,5
13,Seteth,,,27,9,8,8,5,6,6,4,,,,,,,,,,,,9
13,Flayn,,,24,6,9,6,5,4,5,10,,,,,,,,,,,,9
13,Cyril,,,24,7,4,6,6,6,5,2,,,,,,,,,,,,4
13,Jeralt (NPC),,,29,8,4,6,4,5,6,5,,,,,,,,,,,,6
13,Catherine,,,27,8,5,6,7,6,5,2,,,,,,,,,,,,4
13,Alois,,,28,9,4,5,6,5,5,2,,,,,,,,,,,,7
13,Gilbert,,,30,9,4,6,5,4,5,2,,,,,,,,,,,,6
13,Shamir,,,26,8,4,7,6,8,5,2,,,,,,,,,,,,6
13,Yuri,,,24,10,6,7,9,7,5,7,,,,,,,,,,,,8
13,Balthus,,,28,11,5,4,7,3,7,4,,,,,,,,,,,,4
13,Constance,,,23,5,11,6,6,4,3,4,,,,,,,,,,,,6
13,Hapi,,,26,6,11,8,6,4,4,7,,,,,,,,,,,,4
13,Jeritza,,,30,8,6,6,8,4,7,5,,,,,,,,,,,,3
13,Anna,,,26,7,7,7,7,7,5,7,,,,,,,,,,,,7
Game,Name,Class,Level,HP,Str,Mag,Dex,Spd,Def,Res,Lck,,Bld,Mov,,,,,,,,,
14,Alear,Dragon Child,1,22,6,0,5,7,5,5,3,4,4,,,,,,,,,,
14,Vander,Paladin,1,40,11,5,10,8,6,10,8,8,6,,,,,,,,,,
14,Clanne,Mage,1,19,1,8,11,9,4,4,7,4,4,,,,,,,,,,
14,Framme,Martial Monk,1,18,3,5,8,7,5,4,8,3,4,,,,,,,,,,
14,Alfred,Noble,5,27,9,2,10,6,8,8,5,6,5,,,,,,,,,,
14,Etie,Archer,4,21,10,0,11,6,8,3,2,4,4,,,,,,,,,,
14,Boucheron,Axe Fighter,4,29,10,0,8,7,5,6,3,9,4,,,,,,,,,,
14,Céline,Noble,5,22,7,9,9,10,11,5,7,4,4,,,,,,,,,,
14,Chloé,Lance Flier,6,26,8,4,13,13,10,5,9,5,5,,,,,,,,,,
14,Louis,Lance Armor,6,30,13,0,11,3,4,16,1,8,4,,,,,,,,,,
14,Yunaka,Thief,6,25,8,5,14,12,8,9,7,5,5,,,,,,,,,,
14,Alcryst,Lord,10,28,11,2,17,12,8,8,5,6,4,,,,,,,,,,
14,Citrinne,Mage,10,24,2,15,13,10,10,3,12,4,4,,,,,,,,,,
14,Lapis,Sword Fighter,10,26,11,2,12,14,7,7,6,5,4,,,,,,,,,,
14,Diamant,Lord,11,32,13,3,13,13,10,10,6,9,4,,,,,,,,,,
14,Amber,Lance Cavalier,11,31,15,2,13,11,9,9,3,8,5,,,,,,,,,,
14,Jade,Axe Armor,12,33,14,4,14,5,5,18,6,8,4,,,,,,,,,,
14,Ivy,Wing Tamer,17,32,7,17,15,13,4,12,15,7,5,,,,,,,,,,
14,Kagetsu,Swordmaster,1,35,17,5,22,22,17,14,10,9,5,,,,,,,,,,
14,Zelkov,Thief,17,35,15,3,19,19,7,14,5,9,5,,,,,,,,,,
14,Fogado,Sentinel,17,33,12,7,17,18,8,10,11,8,5,,,,,,,,,,
14,Pandreo,High Priest,1,34,7,16,18,17,14,8,22,8,5,,,,,,,,,,
14,Bunet,Great Knight,1,41,15,5,15,9,13,20,8,11,6,,,,,,,,,,
14,Timerra,Sentinel,18,35,14,6,17,18,10,16,8,5,4,,,,,,,,,,
14,Panette,Berserker,1,46,25,3,19,13,11,11,7,11,5,,,,,,,,,,
14,Merrin,Wolf Knight,1,36,15,10,21,21,14,12,12,9,6,,,,,,,,,,
14,Hortensia,Wing Tamer,19,27,5,12,21,19,17,6,23,5,5,,,,,,,,,,
14,Seadall,Dancer,15,33,12,4,15,16,11,10,10,8,5,,,,,,,,,,
14,Rosado,Wyvern Knight,3,44,16,7,19,21,8,15,11,8,6,,,,,,,,,,
14,Goldmary,Hero,3,40,17,2,18,20,13,20,12,9,5,,,,,,,,,,
14,Lindon,Sage,5,38,8,19,21,19,8,12,21,10,5,,,,,,,,,,
14,Saphir,Warrior,7,51,24,2,23,19,15,19,9,15,5,,,,,,,,,,
14,Veyle,Fell Child,35,35,20,26,24,23,18,17,29,7,5,,,,,,,,,,
14,Mauvier,Royal Knight,12,51,21,23,25,22,16,26,24,12,6,,,,,,,,,,
14,Anna,Axe Fighter,5,29,10,2,9,7,3,4,5,7,4,,,,,,,,,,
14,Jean,Martial Monk,1,19,4,5,10,7,3,4,8,3,4,,,,,,,,,,
14,Nel,Fell Child,20,35,14,12,17,19,16,14,15,8,5,,,,,,,,,,
14,Rafal,Fell Child,20,39,19,7,17,16,12,20,11,9,5,,,,,,,,,,
14,Zelestia,Melusine,20,38,17,18,16,20,7,15,19,9,6,,,,,,,,,,
14,Gregory,Sage,1,35,10,25,13,13,9,13,25,8,5,,,,,,,,,,
14,Madeline,General,1,46,24,6,12,7,9,27,9,13,4,,,,,,,,,,