Game,Name,HP,Str,Mag,Skl,Spd,Lck,Def,Res,Holy Blood,Bld,Mov,Mov,Weapon Ranks,Tol.,Item,Gold,Skill(s),Lead,MS,PC,Wt,Cha
1,Marth,80,50,0,40,50,70,20,2,,,,7,Sword D,,,,,,,,,
1,Frey,80,35,0,55,55,45,20,0,,,,9,"Sword E, Lance D",,,,,,,,,
1,Abel,65,40,0,50,50,25,20,0,,,,9,"Sword E, Lance D",,,,,,,,,
1,Cain,75,35,0,50,50,40,20,0,,,,9,"Sword D, Lance E",,,,,,,,,
1,Jagen,40,20,0,35,15,30,20,0,,,,10,"Sword D, Lance B",,,,,,,,,
1,Gordin,60,20,0,40,35,40,30,0,,,,5,Bow D,,,,,,,,,
1,Draug,60,20,0,40,40,30,30,0,,,,5,Lance D,,,,,,,,,
1,Norne,60,25,0,40,55,30,20,0,,,,5,Bow D,,,,,,,,,
1,Shiida (Pegasus/Falcon),40,20,0,60,85,70,10,0,,,,8,Lance D,,,,,,,,,
1,Shiida (Dracoknight),50,20,0,60,85,70,10,0,,,,5,Staff E,,,,,,,,,
1,Wrys (Curate),20,0,20,20,20,40,0,45,,,,7,Sword C,,,,,,,,,
1,Wrys (Bishop),20,0,30,25,20,40,0,35,,,,6,Axe D,,,,,,,,,
1,Ogma,90,40,0,40,30,40,20,0,,,,6,Axe C,,,,,,,,,
1,Barst,80,40,0,40,30,40,15,0,,,,6,Axe E,,,,,,,,,
1,Bord,90,55,0,45,10,35,10,0,,,,6,Bow D,,,,,,,,,
1,Cord,80,50,0,20,40,40,10,0,,,,6,Axe D,,,,,,,,,
1,Castor,40,40,0,40,40,20,20,0,,,,7,Sword E,,,,,,,,,
1,Darros,90,60,0,20,10,40,30,0,,,,5,Staff C,,,,,,,,,
1,Julian,80,50,0,50,50,80,30,2,,,,7,Sword C,,,,,,,,,
1,Lena (Cleric),15,0,25,25,20,60,0,50,,,,6,Tome D,,,,,,,,,
1,Lena (Bishop),15,0,35,30,20,60,0,40,,,,9,"Sword E, Lance D",,,,,,,,,
1,Nabarl,90,30,0,40,50,40,10,0,,,,9,"Sword D, Lance B",,,,,,,,,
1,Merric (Mage),60,0,40,50,40,45,5,20,,,,9,"Sword E, Bow D",,,,,,,,,
1,Merric (Sage),60,0,30,50,45,45,5,30,,,,9,"Sword E, Bow D",,,,,,,,,
1,Matthis,90,40,0,30,20,30,30,0,,,,9,"Sword E, Lance D",,,,,,,,,
1,Hardin,50,30,0,55,55,30,20,0,,,,9,"Sword E, Lance D",,,,,,,,,
1,Wolf,160,100,0,85,85,50,65,0,,,,6,"Tome B, Staff D",,,,,,,,,
1,Sedgar,160,80,0,95,85,30,85,0,,,,7,Sword E,,,,,,,,,
1,Roshea,90,40,0,55,10,10,20,0,,,,7,Sword C,,,,,,,,,
1,Vyland,60,30,0,25,40,30,15,0,,,,6,None,,,,,,,,,
1,Wendell,40,0,20,20,20,40,0,35,,,,7,Sword D,,,,,,,,,
1,Rickard,50,50,0,30,50,40,10,2,,,,7,Sword D,,,,,,,,,
1,Athena,75,25,0,40,50,25,10,0,,,,5,Lance D,,,,,,,,,
1,Bantu,40,20,10,20,10,10,10,0,,,,7,Bow B (+45),,,,,,,,,
1,Caesar,90,40,0,35,45,20,15,0,,,,5,Staff D (+10),,,,,,,,,
1,Radd,80,40,0,35,45,40,20,0,,,,10,"Lance D, Axe A",,,,,,,,,
1,Roger,70,50,0,30,10,80,30,0,,,,6,Tome D,,,,,,,,,
1,Jeorge,40,20,0,50,40,20,10,0,,,,4,None,,,,,,,,,
1,Maria (Cleric),15,0,20,25,25,75,0,50,,,,10,"Sword D, Lance C",,,,,,,,,
1,Maria (Bishop),15,0,30,30,25,75,0,40,,,,5,Lance C,,,,,,,,,
1,Minerva,40,35,0,50,35,40,30,0,,,,5,Lance D,,,,,,,,,
1,Linde (Mage),40,0,50,40,35,60,0,15,,,,5,Bow C,,,,,,,,,
1,Linde (Sage),40,0,40,40,40,60,0,25,,,,6,"Tome B, Staff C",,,,,,,,,
1,Jake,40,30,0,50,20,50,20,0,,,,6,"Lance B, Bow D",,,,,,,,,
1,Midia,80,30,0,50,50,10,20,0,,,,4,None,,,,,,,,,
1,Dolph,70,30,0,40,30,10,45,0,,,,8,"Sword B, Axe D",,,,,,,,,
1,Macellan,60,35,0,25,25,30,30,0,,,,8,Lance B,,,,,,,,,
1,Tomas,65,25,0,30,50,25,10,0,,,,8,Lance C,,,,,,,,,
1,Boah,10,0,20,20,20,20,0,30,,,,10,"Sword D, Lance A",,,,,,,,,
1,Horace,60,15,0,35,10,15,35,0,,,,8,"Sword D, Axe B",,,,,,,,,
1,Beck,60,25,0,30,40,35,25,0,,,,6,None,,,,,,,,,
1,Astram,90,50,0,40,20,50,10,0,,,,6,"Tome B, Staff D",,,,,,,,,
1,Palla (Pegasus/Falcon),60,55,0,70,25,10,25,10,,,,8,Lance C,,,,,,,,,
1,Palla (Dracoknight),70,55,0,70,25,10,25,10,,,,6,None,,,,,,,,,
1,Catria (Pegasus/Falcon),60,45,0,80,65,40,25,5,,,,6,"Lance A, Bow B",,,,,,,,,
1,Catria (Dracoknight),70,45,0,80,65,40,25,5,,,,7,"Axe B, Bow D",,,,,,,,,
1,Arran,50,50,0,30,40,40,15,5,,,,5,Staff A,,,,,,,,,
1,Samson,70,35,0,25,25,55,15,0,,,,6,None,,,,,,,,,
1,Xane,40,30,0,30,30,20,15,2,,,,6,"Tome A, Staff A",,,,,,,,,
1,Etzel,40,0,30,40,40,20,0,30,,,,Mov,,Tol.,Item,,,,,,,
1,Est (Pegasus/Falcon),40,55,0,60,55,50,20,5,,,,5,,0.5,–,,,,,,,
1,Est (Dracoknight),50,55,0,60,55,50,20,5,,,,4,,0.45,–,,,,,,,
1,Tiki,90,50,10,80,80,90,20,2,,,,4,,0.45,–,,,,,,,
1,Lorenz,70,50,0,70,20,40,30,0,,,,4,,0.5,Carrot,,,,,,,
1,Ymir,90,50,0,25,30,25,10,0,,,,4,,0.4,Bread,,,,,,,
1,Elice (Cleric),60,0,30,50,60,80,0,30,,,,4,,0.6,–,,,,,,,
1,Elice (Bishop),60,0,40,55,60,80,0,20,,,,7,,0.45,–,,,,,,,
1,Nagi,90,50,10,80,80,90,20,2,,,,7,,0.5,Steel Lance,,,,,,,
1,Gotoh,60,0,20,50,60,80,0,30,,,,4,,0.5,–,,,,,,,
Game,Name,HP,Atk,,Skl,Spd,Lck,Def,Res,,,,4,,0.45,–,,,,,,,
2,Alm,60,50,,55,45,35,50,3,,,,4,,0.55,Mana Herbs,,,,,,,
2,Lukas,50,30,,40,25,30,45,2,,,,8,,0.55,–,,,,,,,
2,Gray,45,40,,30,30,25,25,0,,,,4,,0.45,Prayer Ring,,,,,,,
2,Tobin,40,30,,50,25,30,30,0,,,,5,,0.5,–,,,,,,,
2,Kliff,35,30,,45,60,20,40,0,,,,9,,0.6,–,,,,,,,
2,Silque,45,40,,35,30,60,40,2,,,,9,,0.6,–,,,,,,,
2,Clair,35,40,,55,70,50,30,2,,,,4,,0.4,Orange,,,,,,,
2,Clive,55,40,,35,25,25,30,2,,,,4,,0.6,Golden Dagger,,,,,,,
2,Forsyth,40,40,,30,40,40,30,3,,,,4,,0.5,Sweet Cookie,,,,,,,
2,Python,45,40,,25,55,20,25,4,,,,4,,0.55,Drinking Water,,,,,,,
2,Luthier,50,30,,75,40,50,35,2,,,,4,,0.45,Holey Cheese,,,,,,,
2,Mathilda,40,50,,45,55,45,40,4,,,,4,,0.55,–,,,,,,,
2,Delthea,30,70,,35,55,40,20,4,,,,4,,0.65,–,,,,,,,
2,Tatiana,30,50,,45,40,35,30,4,,,,4,,0.5,–,,,,,,,
2,Zeke,60,45,,55,55,40,45,1,,,,4,,0.45,Iron Bow,,,,,,,
2,Mycen,20,10,,10,10,5,10,3,,,,7,,0.55,Javelin,,,,,,,
2,Faye,40,40,,30,30,30,40,3,,,,7,,0.5,Angel Ring,,,,,,,
2,Celica,50,60,,50,50,45,35,4,,,,4,,0.6,–,,,,,,,
2,Mae,35,60,,35,40,40,30,2,,,,4,,0.45,–,,,,,,,
2,Boey,55,45,,55,30,25,45,1,,,,4,,0.45,Steel Shield,,,,,,,
2,Genny,30,60,,50,30,35,20,5,,,,5,,0.6,Brave Sword,,,,,,,
2,Saber,60,35,,30,35,25,45,0,,,,7,,0.4,–,,,,,,,
2,Valbar,60,40,,40,30,25,50,1,,,,4,,0.5,–,,,,,,,
2,Kamui,50,40,,30,40,25,30,0,,,,8,,0.45,Blessed Lance,,,,,,,
2,Leon,45,30,,50,30,30,30,4,,,,8,,0.55,Trainee’s Lance,,,,,,,
2,Palla,50,60,,50,30,25,45,1,,,,8,,0.5,Wayward Lance,,,,,,,
2,Catria,40,40,,45,55,30,35,2,,,,4,,0.6,Warrior’s Sword,,,,,,,
2,Atlas,45,50,,30,25,25,25,0,,,,5,,0.45,–,,,,,,,
2,Jesse,40,35,,40,45,55,30,0,,,,Mov,Weapon Ranks,,,,,,,,,
2,Sonya,40,45,,50,35,30,40,4,,,,7,Sword D,,,,,,,,,
2,Deen,60,45,,35,40,15,40,0,,,,9,"Sword E, Lance D",,,,,,,,,
2,Est,35,55,,50,40,55,50,3,,,,9,"Sword D, Lance E",,,,,,,,,
2,Nomah,15,20,,25,15,10,10,1,,,,9,"Sword E, Lance D",,,,,,,,,
2,Conrad,50,30,,60,45,40,50,8,,,,9,"Sword D, Lance E",,,,,,,,,
2,Emma,45,40,,40,45,55,40,10,,,,5,Bow D,,,,,,,,,
2,Randal,45,60,,50,50,15,35,0,,,,5,Bow D,,,,,,,,,
2,Yuzu,40,55,,60,60,35,30,2,,,,5,Lance D,,,,,,,,,
2,Shade,45,45,,35,40,35,45,4,,,,10,"Sword D, Lance B",,,,,,,,,
Game,Name,HP,Str,Mag,Skl,Spd,Lck,Def,Res,,,,5,Staff C,,,,,,,,,
3,Marth,90,60,0,65,65,80,30,5,,,,8,Lance C,,,,,,,,,
3,My Unit (Cavalier),70,40,5,55,40,60,35,5,,,,6,Bow D,,,,,,,,,
3,Luke,90,60,0,50,50,40,40,5,,,,6,Axe E,,,,,,,,,
3,Rody,80,50,0,60,65,60,40,5,,,,6,Tome D,,,,,,,,,
3,Cecil,70,45,10,70,75,50,30,5,,,,8,Lance B,,,,,,,,,
3,Gordin,70,40,0,40,40,50,30,0,,,,6,Axe C,,,,,,,,,
3,Ryan,80,50,0,80,50,40,35,0,,,,7,Sword E,,,,,,,,,
3,Draug,80,40,0,50,50,40,55,0,,,,9,"Sword E, Lance D",,,,,,,,,
3,Arran,40,15,0,25,10,10,15,0,,,,5,Staff E,,,,,,,,,
3,Malliesia (Cleric),50,0,40,30,60,40,20,40,,,,7,Sword C,,,,,,,,,
3,Malliesia (Bishop),50,0,50,35,60,40,15,30,,,,5,Staff C,,,,,,,,,
3,Catria,80,50,0,80,80,50,30,10,,,,6,Tome D,,,,,,,,,
3,Warren,80,60,0,60,40,40,30,0,,,,10,"Sword B, Lance A",,,,,,,,,
3,Cord,100,60,0,40,50,50,20,0,,,,6,Bow C,,,,,,,,,
3,Linde (Mage),40,0,40,80,70,80,5,15,,,,8,Lance D,,,,,,,,,
3,Linde (Sage),40,0,30,80,75,80,5,25,,,,6,Axe D,,,,,,,,,
3,Palla,70,60,0,90,30,20,30,10,,,,7,Sword E,,,,,,,,,
3,Bord,100,65,0,65,30,45,20,0,,,,9,"Sword D, Lance C",,,,,,,,,
3,Julian,80,70,0,60,70,80,40,0,,,,5,Bow C,,,,,,,,,
3,Matthis,100,50,0,40,30,30,30,5,,,,7,Sword C,,,,,,,,,
3,Wrys (Curate),30,0,30,30,30,50,5,50,,,,6,"Tome B, Staff D",,,,,,,,,
3,Wrys (Bishop),30,0,40,35,30,50,0,40,,,,7,Sword C,,,,,,,,,
3,Ogma,100,60,0,55,50,60,25,5,,,,7,Sword C,,,,,,,,,
3,Yumina (Cleric),40,0,30,45,60,50,20,40,,,,7,Sword C,,,,,,,,,
3,Yumina (Bishop),40,0,40,50,60,50,15,30,,,,6,Sword E,,,,,,,,,
3,Yubello (Mage),50,0,50,40,50,50,20,20,,,,9,"Sword C, Lance D",,,,,,,,,
3,Yubello (Sage),50,0,40,40,55,50,20,30,,,,6,None,,,,,,,,,
3,Sirius,95,65,0,60,50,60,50,5,,,,5,Lance C,,,,,,,,,
3,Castor,70,50,0,50,50,30,15,0,,,,7,Bow A,,,,,,,,,
3,Shiida,60,30,0,80,95,80,25,10,,,,10,"Lance C, Axe A",,,,,,,,,
3,Barst,100,70,0,60,40,50,25,0,,,,6,"Tome B, Staff D",,,,,,,,,
3,Rickard,60,40,0,30,70,60,30,0,,,,6,Tome D,,,,,,,,,
3,Frey,90,45,0,65,65,55,40,5,,,,6,Tome C,,,,,,,,,
3,Norne,70,35,0,50,65,50,30,0,,,,6,Axe C,,,,,,,,,
3,Samto,80,30,0,30,70,30,20,0,,,,7,Sword C,,,,,,,,,
3,Wendell,40,0,20,40,30,50,20,25,,,,6,"Lance B, Bow D",,,,,,,,,
3,Caesar,90,50,0,45,55,30,25,0,,,,7,"Axe C, Bow C",,,,,,,,,
3,Radd,80,50,0,45,65,50,20,5,,,,7,Axe B,,,,,,,,,
3,Nabarl,90,45,0,50,70,70,20,5,,,,9,"Sword D, Bow C",,,,,,,,,
3,Feena,60,60,0,80,90,80,15,5,,,,9,"Sword D, Lance C",,,,,,,,,
3,Cain,90,40,0,70,70,70,35,5,,,,9,"Sword D, Lance C",,,,,,,,,
3,Bantu,40,20,10,20,10,10,10,5,,,,9,"Sword C, Bow B",,,,,,,,,
3,Roger,80,60,0,50,40,70,55,0,,,,7,Sword B,,,,,,,,,
3,Jeorge,80,40,0,35,45,50,40,0,,,,6,None,,,,,,,,,
3,Minerva,80,50,0,60,50,60,30,5,,,,6,None,,,,,,,,,
3,Etzel,80,0,40,60,50,40,30,40,,,,8,Lance C,,,,,,,,,
3,Merric (Mage),70,0,40,65,65,70,15,15,,,,6,"Lance B, Bow D",,,,,,,,,
3,Merric (Sage),70,0,30,65,70,70,15,25,,,,10,"Sword D, Lance B",,,,,,,,,
3,Ellerean (Mage),80,0,40,50,45,30,25,10,,,,6,"Lance B, Bow B",,,,,,,,,
3,Ellerean (Sage),80,0,30,50,50,30,25,20,,,,8,"Sword A, Axe D",,,,,,,,,
3,Dice,90,60,0,45,40,40,15,5,,,,6,"Tome B, Staff C",,,,,,,,,
3,Maris,70,40,5,60,60,50,5,10,,,,7,Bow B,,,,,,,,,
3,Horace,100,55,0,45,30,35,70,0,,,,6,"Lance A, Bow B",,,,,,,,,
3,Jake,100,90,0,65,80,70,35,5,,,,8,"Sword D, Axe B",,,,,,,,,
3,Darros,100,65,0,40,50,40,30,0,,,,6,"Tome D, Staff C",,,,,,,,,
3,Robert,80,60,0,65,65,50,20,5,,,,10,"Sword C, Lance B",,,,,,,,,
3,Belf,80,55,0,55,40,40,25,0,,,,10,"Sword B, Lance B",,,,,,,,,
3,Leiden,70,50,0,65,50,40,20,5,,,,9,"Sword D, Bow B",,,,,,,,,
3,Beck,80,50,5,55,65,30,35,0,,,,9,"Sword D, Bow B",,,,,,,,,
3,Athena,75,40,0,60,70,65,25,10,,,,10,"Sword C, Lance B",,,,,,,,,
3,Xane,60,40,0,20,50,40,30,5,,,,7,"Axe B, Bow C",,,,,,,,,
3,Tiki,90,50,20,80,80,90,20,5,,,,10,"Lance B, Axe B",,,,,,,,,
3,Est,60,80,0,80,80,70,30,10,,,,6,None,,,,,,,,,
3,Dolph,90,60,0,60,20,40,55,0,,,,6,"Tome D, Staff B",,,,,,,,,
3,Abel,100,60,0,60,60,40,40,5,,,,6,"Tome E, Staff C",,,,,,,,,
3,Macellan,100,75,0,50,40,50,70,5,,,,6,"Tome C, Staff A",,,,,,,,,
3,Astram,100,60,0,50,40,60,25,0,,,,6,"Tome C, Staff A",,,,,,,,,
3,Katarina,80,0,40,70,75,70,20,40,,,,,,,,Gold,Skill(s),,,,,
3,Tomas,90,65,0,70,70,50,30,5,,,,,,,,5000,Pursuit,,,,,
3,Sheema,80,70,0,65,60,80,40,10,,,,,,,,2000,"Critical, Charge",,,,,
3,Samson,90,50,0,35,30,70,35,0,,,,,,,,2000,"Pursuit, Awareness",,,,,
3,Frost,70,0,40,50,50,20,5,30,,,,,,,,2000,Ambush,,,,,
3,Roshea,95,50,0,60,50,70,40,10,,,,,,,,5000,Continue,,,,,
3,Vyland,80,60,0,45,60,50,50,0,,,,,,,,4000,Critical,,,,,
3,Sedgar,90,60,0,65,70,40,45,0,,,,,,,,2000,"Pursuit, Prayer",,,,,
3,Wolf,90,70,0,55,70,60,35,0,,,,,,,,5000,"Ambush, Elite",,,,,
3,Midia,90,40,0,60,60,20,45,15,,,,,,,,5000,Pursuit,,,,,
3,Ymir,90,90,0,45,50,35,35,0,,,,,,,,2000,"Pursuit, Charge",,,,,
3,Michalis,90,60,0,60,55,20,40,10,,,,,,,,5000,–,,,,,
3,Nagi,90,50,20,80,80,90,20,5,,,,,,,,15000,"Steal, Sun Sword, Bargain",,,,,
3,Lena,35,0,45,40,30,60,10,40,,,,,,,,3000,"Pursuit, Awareness, Shooting Star Sword",,,,,
3,Maria,35,0,40,40,35,75,5,40,,,,,,,,1000,Awareness,,,,,
3,Nyna,45,0,40,50,45,45,10,40,,,,,,,,5000,"Pursuit, Continue, Charge",,,,,
3,Elice,60,0,50,65,70,80,20,20,,,,,,,,10000,"Pursuit, Moonlight Sword",,,,,
3,Boah,10,0,20,20,20,20,0,30,,,,,,,,10000,Charisma,,,,,
3,Hardin,90,75,0,65,65,30,45,0,,,,,,,,8000,"Continue, Critical",,,,,
3,Lena (BS 3),35,0,35,35,30,60,15,50,,,,,,,,5000,"Continue, Dance, Prayer",,,,,
3,Camus,95,65,0,60,50,60,50,5,,,,,,,,8000,Pursuit,,,,,
3,Kleine,40,10,0,20,30,0,10,0,,,,,,,,2000,"Pursuit, Charge",,,,,
3,Roro (and clones),70,30,0,15,30,0,0,0,,,,,,,,10000,Pursuit,,,,,
3,Eremiya,20,0,20,20,20,0,0,20,,,,,,,,10000,–,,,,,
3,Gharnef,20,0,20,20,20,0,0,20,,,,,,,,5000,Wrath,,,,,
Game,Character,HP,Str,Mag,Skl,Spd,Lck,Def,Mdf,Holy Blood,,,,,,,2000,–,,,,,
4,Sigurd,70,30,5,30,30,20,40,5,Baldo,,,,,,,2000,Pursuit,,,,,
4,Noish,80,40,5,30,20,20,40,5,–,,,,,,,2000,"Pursuit, Ambush",,,,,
4,Alec,70,30,5,40,30,30,30,5,–,,,,,,,5000,"Pursuit, Critical",,,,,
4,Arden,90,50,5,10,20,10,40,5,–,,,,,,,5000,Critical,,,,,
4,Cuan,70,30,5,30,20,10,30,5,Noba,,,,,,,2000,Pursuit,,,,,
4,Ethlin,40,20,5,20,30,10,20,10,Baldo,,,,,,,2000,"Pursuit, Continue, Awareness",,,,,
4,Fin,70,30,5,40,30,50,30,5,–,,,,,,,3000,Continue,,,,,
4,Lex,70,40,5,20,20,20,20,5,Neir,,,,,,,3000,Continue,,,,,
4,Azel,50,10,10,20,50,20,20,10,Fala,,,,,,,5000,Ambush,,,,,
4,Midayle,60,30,5,30,40,10,30,5,–,,,,,,,5000,Charge,,,,,
4,Adean,50,20,30,20,30,30,20,5,Ulir,,,,,,,5000,"Pursuit, Continue, Shooting Star Sword",,,,,
4,Dew,50,40,10,40,40,40,40,10,–,,,,,,,5000,"Steal, Prayer",,,,,
4,Ira,50,30,5,30,30,20,20,5,Odo,,,,,,,2000,–,,,,,
4,Diadora,40,10,10,20,10,10,10,10,"Narga, Loputousu",,,,,,,3000,"Pursuit, Continue, Ambush",,,,,
4,Jamka,90,50,0,10,30,40,30,5,–,,,,,,,3000,"Dance, Charisma",,,,,
4,Holyn,90,30,5,50,30,20,30,5,Odo,,,,,,,5000,"Wrath, Elite",,,,,
4,Lachesis,40,20,5,10,20,40,20,10,Hezul,,,,,,,2000,"Pursuit, Charge",,,,,
4,Levin,50,10,30,40,30,20,20,10,Holsety,,,,,,,5000,"Pursuit, Continue",,,,,
4,Sylvia,40,10,20,10,10,20,10,20,Blaggi,,,,,,,5000,"Big Shield, Continue, Ambush",,,,,
4,Fury,50,20,10,20,30,20,30,10,–,,,,,,,5000,Elite,,,,,
4,Beowolf,80,40,0,40,30,20,30,5,–,,,Mov,,,,,,Lead,MS,PC,,
4,Briggid,50,30,20,30,20,10,20,5,Ulir,,,6,,,,,,0,1,2,,
4,Claude,50,10,20,20,30,30,20,10,Blaggi,,,8,,,,,,1,0,1,,
4,Tiltyu,40,10,20,30,40,50,10,10,Tordo,,,8,,,,,,1,2,1,,
4,Celice,140,55,30,60,35,45,45,30,"Baldo, Narga",,,6,,,,,,0,0,4,,
4,Mana,50,10,30,20,20,40,10,20,–,,,6,,,,,,0,0,3,,
4,Radney,70,40,5,30,40,20,30,20,–,,,7,,,,,,0,1,1,,
4,Roddlevan,80,30,5,50,30,20,30,5,–,,,6,,,,,,0,0,2,,
4,Oifey,100,40,5,50,30,40,30,10,Baldo,,,6,,,,,,0,0,1,,
4,Tristan,130,30,5,30,20,10,30,5,–,,,7,,,,,,0,3,1,,
4,Dimna,90,30,5,50,20,30,40,5,–,,,7,,,,,,0,2,0,,
4,Yuria,90,10,100,20,30,30,10,50,"Narga, Fala",,,5,,,,,,0,0,1,,
4,Femina,60,30,10,20,50,50,20,5,–,,,8,,,,,,0,0,1,,
4,Amid,90,20,40,50,40,20,20,20,Tordo,,,6,,,,,,0,0,3,,
4,Johan,110,40,5,20,50,10,60,5,Neir,,,7,,,,,,0,1,1,,
4,Johalva,110,40,0,50,10,10,60,5,Neir,,,8,,,,,,0,1,5,,
4,Shanan,120,30,5,80,20,20,40,5,Odo,,,8,,,,,,0,0,1,,
4,Daisy,50,10,10,30,50,30,20,10,–,,,5,,,,,,0,0,1,,
4,Leaf,130,60,7,50,45,25,50,10,"Noba, Baldo",,,6,,,,,,0,1,3,,
4,Janne,60,20,20,50,20,10,30,20,–,,,8,,,,,,0,0,1,,
4,Aless,130,90,5,20,30,50,40,30,Hezul,,,8,,,,,,0,0,2,,
4,Laylea,50,50,10,20,40,30,20,20,–,,,6,,,,,,0,1,4,,
4,Linda,90,10,40,40,30,20,10,20,Tordo,,,8,,,,,,0,1,4,,
4,Asaello,90,40,5,10,20,60,30,5,–,,,8,,,,,,0,0,1,,
4,Hawk,60,10,20,20,50,20,20,10,–,,,8,,,,,,0,0,1,,
4,Hannibal,60,50,5,10,10,10,30,5,–,,,8,,,,,,0,0,1,,
4,Sharlow,70,10,50,20,20,30,10,30,–,,,8,,,,,,0,1,3,,
4,Altenna,135,65,7,45,60,25,55,12,"Noba, Baldo",,,9,,,,,,0,0,1,,
Game,Character,HP,Str,Mag,Skl,Spd,Lck,Def,,,Bld,Mov,8,,,,,,0,1,4,,
5,Leaf,70,35,10,35,40,40,25,,,15,3,6,,,,,,0,1,5,,
5,Fin,60,35,5,30,35,45,30,,,10,1,6,,,,,,0,0,1,,
5,Othin,85,30,5,25,35,55,25,,,25,2,7,,,,,,0,5,5,,
5,Halvan,80,40,5,20,30,30,30,,,30,2,5,,,,,,0,5,1,,
5,Evayle,30,15,10,15,10,25,5,,,5,1,6,,,,,,0,1,1,,
5,Dagda,15,10,5,10,10,30,10,,,5,1,9,,,,,,1,0,1,,
5,Ralph,60,35,5,30,20,15,35,,,35,1,9,,,,,,0,2,3,,
5,Marty,90,15,5,10,15,50,40,,,75,2,8,,,,,,0,0,1,,
5,Ronan,40,15,55,45,55,20,5,,,2,3,6,,,,,,0,1,5,,
5,Miranda,60,5,70,55,70,35,15,,,5,2,5,,,,,,0,0,5,,
5,Saphy,35,30,60,45,40,5,3,,,2,0,6,,,,,,0,0,1,,
5,Lara,45,10,10,50,70,60,20,,,5,3,8,,,,,,0,1,0,,
5,Brighton,70,30,5,25,30,15,35,,,20,1,5,,,,,,0,3,0,,
5,Felgus,65,35,10,45,35,40,25,,,20,1,5,,,,,,0,5,0,,
5,Eda,60,40,20,35,60,30,20,,,5,1,6,,,,,,0,0,1,,
5,Asvel,55,10,35,55,75,35,10,,,10,2,7,,,,,,0,0,0,,
5,Machua,60,30,10,55,60,35,25,,,10,2,9,,,,,,0,1,2,,
5,Hicks,80,35,5,40,30,55,30,,,30,1,6,,,,,,1,0,0,,
5,Nanna,50,25,10,40,35,55,15,,,10,1,10,,,,,,1,1,2,,
5,Selphina,50,25,10,40,35,55,15,,,10,1,10,,,,,,1,1,2,,
5,Dalsin,60,50,5,40,25,25,20,,,25,2,10,,,,,,0,0,5,,
5,Carrion,75,40,10,65,45,55,25,,,25,1,7,,,,,,3,3,0,,
5,Shiva,70,45,5,50,35,60,30,,,20,2,8,,,,,,1,2,3,,
5,Pahn,65,40,10,45,65,70,25,,,10,2,7,,,,,,0,5,3,,
5,Glade,60,45,5,35,35,35,30,,,15,1,Mov,Weapon ranks,,,,,,,,,
5,Kein,75,55,5,40,35,50,35,,,30,1,5,D,,,,,,,,,
5,Alva,70,40,10,45,50,65,30,,,25,1,8,"D,  A,  E",,,,,,,,,
5,Robert,65,45,10,50,60,70,25,,,20,1,7,"E,  D",,,,,,,,,
5,Fred,75,60,15,40,35,25,35,,,25,1,7,"E,  D",,,,,,,,,
5,Olwen,50,40,45,55,50,70,15,,,10,1,5,D,,,,,,,,,
5,Sety,75,10,75,75,80,65,20,,,15,1,4,C,,,,,,,,,
5,Lifis,65,35,10,25,45,5,15,,,10,2,5,–,,,,,,,,,
5,Karin,55,30,15,35,70,70,15,,,5,2,5,D,,,,,,,,,
5,Dean,75,55,5,50,30,40,30,,,30,1,5,C,,,,,,,,,
5,Shanam,50,50,5,5,50,50,5,,,5,2,5,D,,,,,,,,,
5,Trewd,90,35,5,45,35,60,30,,,20,2,5,D,,,,,,,,,
5,Tania,60,35,15,55,70,60,15,,,5,2,7,D,,,,,,,,,
5,Linoan,50,3,45,60,55,55,10,,,5,2,6,E,,,,,,,,,
5,Misha,65,55,15,65,80,40,20,,,5,1,5,D,,,,,,,,,
5,Salem,60,5,30,45,40,10,15,,,15,2,7,D,,,,,,,,,
5,Sleuf,35,3,40,75,45,25,10,,,10,2,5,C,,,,,,,,,
5,Mareeta,65,60,15,75,80,60,20,,,10,3,,,,,,,,,,,
5,Tina,40,3,50,25,65,90,5,,,5,5,5,C,,,,,,,,,
5,Amalda,70,55,15,50,45,60,25,,,15,1,5,D,,,,,,,,,
5,Conomore,70,60,5,35,50,20,20,,,20,1,7,D,,,,,,,,,
5,Homeros,65,0,40,70,70,55,15,,,10,3,8,"C,  A,  D",,,,,,,,,
5,Delmud,70,40,15,65,45,65,30,,,15,2,7,"E,  D",,,,,,,,,
5,Sara,40,0,80,80,80,40,10,,,5,3,7,"C,  D",,,,,,,,,
5,Cyas,50,0,35,40,40,55,15,,,10,2,6,C,,,,,,,,,
5,Galzus,50,40,45,55,50,70,15,,,10,1,5,C,,,,,,,,,
5,Eyrios,50,40,45,55,50,70,15,,,10,1,4,D,,,,,,,,,
5,Xavier,50,40,45,55,50,70,15,,,10,1,4,C,,,,,,,,,
Game,Name,HP,S/M,,Skl,Spd,Lck,Def,Res,,,,5,D,,,,,,,,,
6,Roy,80,40,,50,40,60,25,30,,,,5,D,,,,,,,,,
6,Marcus,60,25,,20,25,20,15,20,,,,,,,,,,,,,,
6,Allen,85,45,,40,45,40,25,10,,,,7,D,,,,,,,,,
6,Lance,80,40,,45,50,35,20,15,,,,,,,,,,,,,,
6,Wolt,80,40,,50,40,40,20,10,,,,5,C,,,,,,,,,
6,Bors,90,30,,30,40,50,35,10,,,,,,,,,,,,,,
6,Merlinus,100,0,,50,50,100,20,5,,,,5,B,,,,,,,,,
6,Ellen,45,50,,30,20,70,5,60,,,,6,A,,,,,,,,,
6,Dieck,90,40,,40,30,35,20,15,,,,,,,,,,,,,,
6,Wade,75,50,,45,20,45,30,5,,,,7,D,,,,,,,,,
6,Lott,80,30,,30,35,30,40,15,,,,,,,,,,,,,,
6,Thany,45,30,,55,60,60,10,25,,,,5,–,,,,,,,,,
6,Chad,85,50,,50,80,60,25,15,,,,6,"C,  B",,,,,,,,,
6,Lugh,50,40,,50,50,35,15,30,,,,5,–,,,,,,,,,
6,Clarine,40,30,,40,50,65,10,40,,,,6,"A,  D",,,,,,,,,
6,Rutger,80,30,,60,50,30,20,20,,,,5,C,,,,,,,,,
6,Saul,60,40,,45,45,15,15,50,,,,6,E,,,,,,,,,
6,Dorothy,85,50,,45,45,35,15,15,,,,,,,,,,,,,,
6,Sue,55,30,,55,65,50,10,15,,,,7,C,,,,,,,,,
6,Zealot,75,25,,20,20,15,30,15,,,,,,,,,,,,,,
6,Treck,85,40,,30,35,50,30,5,,,,8,"A,  A,  C",,,,,,,,,
6,Noah,75,30,,45,30,40,30,10,,,,,,,,,,,,,,
6,Astohl,90,35,,40,50,15,20,20,,,,8,"C,  A",,,,,,,,,
6,Lilina,45,75,,20,35,50,10,35,,,,5,C,,,,,,,,,
6,Wendy,85,40,,40,40,45,30,10,,,,6,B,,,,,,,,,
6,Barth,100,60,,25,20,20,40,2,,,,6,C,,,,,,,,,
6,Oujay,85,40,,30,45,55,20,15,,,,,,,,,,,,,,
6,Fir,75,25,,50,55,50,15,20,,,,5,–,,,,,,,,,
6,Shin,75,45,,50,50,25,10,15,,,,5,C,,,,,,,,,
6,Gonzales,90,60,,15,50,35,25,5,,,,7,D,,,,,,,,,
6,Geese,85,50,,30,40,40,20,10,,,,,,,,,,,,,,
6,Klein,60,35,,40,45,50,15,25,,,,5,"A,  A",,,,,,,,,
6,Tate,60,40,,45,55,40,15,20,,,,6,"A,  A",,,,,,,,,
6,Lalum,70,10,,5,70,80,20,30,,,,8,"C,  A",,,,,,,,,
6,Echidna,75,30,,25,30,20,15,15,,,,8,"E,  A",,,,,,,,,
6,Elphin,80,5,,5,65,65,25,55,,,,6,"S,  A",,,,,,,,,
6,Bartre,70,40,,20,30,20,20,5,,,,6,S,,,,,,,,,
6,Ray,55,45,,55,40,15,15,35,,,,8,"A,  A",,,,,,,,,
6,Cath,80,40,,45,85,50,15,20,,,,8,"A,  A",,,,,,,,,
6,Miredy,75,50,,50,45,25,20,5,,,,5,"A,  A",,,,,,,,,
6,Percival,75,30,,25,35,20,20,10,,,,6,"A,  A",,,,,,,,,
6,Cecilia,60,35,,45,25,25,20,25,,,,8,"A,  S,  C",,,,,,,,,
6,Sofiya,60,55,,40,30,20,20,55,,,,5,"A,  A",,,,,,,,,
6,Igrene,70,35,,25,35,20,10,5,,,,5,S,,,,,,,,,
6,Garret,70,45,,25,25,15,15,5,,,,6,"A,  B,  S",,,,,,,,,
6,Fa,130,90,,85,65,150,30,50,,,,Mov,Weapon Ranks,,,,,,,,,
6,Hugh,75,30,,30,45,25,20,15,,,,5,D,,,,,,,,,
6,Zeis,80,60,,50,35,20,25,5,,,,7,"E,  D",,,,,,,,,
6,Douglas,60,30,,30,30,20,30,5,,,,7,"D,  E",,,,,,,,,
6,Niime,25,15,,15,15,5,15,20,,,,7,D,,,,,,,,,
6,Dayan,55,20,,20,15,20,10,10,,,,5,D,,,,,,,,,
6,Juno,50,20,,35,30,45,10,10,,,,5,C,,,,,,,,,
6,Yodel,20,30,,15,10,20,10,20,,,,5,D,,,,,,,,,
6,Karel,210,130,,140,140,120,110,100,,,,5,D,,,,,,,,,
Game,Name,HP,S/M,,Skl,Spd,Lck,Def,Res,,,,7,C,,,,,,,,,
7,Eliwood,80,45,,50,40,45,30,35,,,,6,D,,,,,,,,,
7,Lyn,70,40,,60,60,55,20,30,,,,5,–,,,,,,,,,
7,Hector,90,60,,45,35,30,50,25,,,,5,D,,,,,,,,,
7,Sain,80,60,,35,40,35,20,20,,,,4,A,,,,,,,,,
7,Kent,85,40,,50,45,20,25,25,,,,5,"A (+30),  E",,,,,,,,,
7,Florina,60,40,,50,55,50,15,35,,,,5,C,,,,,,,,,
7,Wil,75,50,,50,40,40,20,25,,,,7,"D,  D",,,,,,,,,
7,Dorcas,80,60,,40,20,45,25,15,,,,8,"A,  A,  B",,,,,,,,,
7,Serra,50,50,,30,40,60,15,55,,,,5,D,,,,,,,,,
7,Erk,65,40,,40,50,30,20,40,,,,5,C,,,,,,,,,
7,Rath,80,50,,40,50,30,10,25,,,,5,D,,,,,,,,,
7,Matthew,75,30,,40,70,50,25,20,,,,5,C,,,,,,,,,
7,Wallace,70,45,,40,20,30,35,35,,,,4,B,,,,,,,,,
7,Lowen,90,30,,30,30,50,40,30,,,,5,D,,,,,,,,,
7,Rebecca,60,40,,50,60,50,15,30,,,,6,D,,,,,,,,,
7,Marcus,65,30,,50,25,30,15,35,,,,5,C,,,,,,,,,
7,Bartre,85,50,,35,40,30,30,25,,,,,,,,,,,,,,
7,Oswin,90,40,,30,30,35,55,30,,,,0,–,,,,,,,,,
7,Guy,75,30,,50,70,45,15,25,,,,5,D,,,,,,,,,
7,Merlinus,120,0,,90,90,100,30,15,,,,7,C,,,,,,,,,
7,Priscilla,45,40,,50,40,65,15,50,,,,5,C,,,,,,,,,
7,Raven,85,55,,40,45,35,25,15,,,,5,D,,,,,,,,,
7,Lucius,55,60,,50,40,20,10,60,,,,7,"D,  D",,,,,,,,,
7,Canas,70,45,,40,35,25,25,45,,,,7,"D,  D",,,,,,,,,
7,Dart,70,65,,20,60,35,20,15,,,,7,D,,,,,,,,,
7,Fiora,70,35,,60,50,30,20,50,,,,5,C,,,,,,,,,
7,Legault,60,25,,45,60,60,25,25,,,,,,,,,,,,,,
7,Nils/Ninian,85,5,,5,70,80,30,70,,,,5,D,,,,,,,,,
7,Isadora,75,30,,35,50,45,20,25,,,,5,B,,,,,,,,,
7,Heath,80,50,,50,45,20,30,20,,,,5,B,,,,,,,,,
7,Hawkeye,50,40,,30,25,40,20,35,,,,7,C,,,,,,,,,
7,Geitz,85,50,,30,40,40,20,20,,,,6,C,,,,,,,,,
7,Farina,75,50,,40,45,45,25,30,,,,,,,,,,,,,,
7,Pent,50,30,,20,40,40,30,35,,,,5,–,,,,,,,,,
7,Louise,60,40,,40,40,30,20,30,,,,8,"A,  B,  D",,,,,,,,,
7,Karel,70,30,,50,50,30,10,15,,,,7,B,,,,,,,,,
7,Harken,80,35,,30,40,20,30,25,,,,,,,,,,,,,,
7,Nino,55,50,,55,60,45,15,50,,,,7,B,,,,,,,,,
7,Jaffar,65,15,,40,35,20,30,30,,,,6,A,,,,,,,,,
7,Vaida,60,45,,25,40,30,25,15,,,,6,"B,  B",,,,,,,,,
7,Karla,60,25,,45,55,40,10,20,,,,,,,,,,,,,,
7,Renault,60,40,,30,35,15,20,40,,,,5,"A,  E",,,,,,,,,
7,Athos,0,0,,0,0,0,0,0,,,,7,A,,,,,,,,,
Game,Name,HP,S/M,,Skl,Spd,Lck,Def,Res,,,,6,"A,  A",,,,,,,,,
8,Eirika,70,40,,60,60,60,30,30,,,,6,A,,,,,,,,,
8,Seth,90,50,,45,45,25,40,30,,,,6,A,,,,,,,,,
8,Franz,80,40,,40,50,40,25,20,,,,6,"B,  B",,,,,,,,,
8,Gilliam,90,45,,35,30,30,55,20,,,,,,,,,,,,,,
8,Moulder,70,40,,50,40,20,25,25,,,,5,C,,,,,,,,,
8,Vanessa,50,35,,55,60,50,20,30,,,,6,A,,,,,,,,,
8,Ross,70,50,,35,30,40,25,20,,,,8,"A,  A",,,,,,,,,
8,Garcia,80,65,,40,20,40,25,15,,,,,,,,,,,,,,
8,Neimi,55,45,,50,60,50,15,35,,,,5,–,,,,,,,,,
8,Colm,75,40,,40,65,45,25,20,,,,6,A,,,,,,,,,
8,Artur,55,50,,50,40,25,15,55,,,,6,"A,  A",,,,,,,,,
8,Lute,45,65,,30,45,45,15,40,,,,6,S  S  S  S,,,,,,,,,
8,Natasha,50,60,,25,40,60,15,55,,,,Mov,Weapon Rank,,,,,,,,,
8,Joshua,80,35,,55,55,30,20,20,,,,5,E,,,,,,,,,
8,Ephraim,80,55,,55,45,50,35,25,,,,8,"A,  A",,,,,,,,,
8,Forde,85,40,,50,45,35,20,25,,,,7,"E,  D",,,,,,,,,
8,Kyle,90,50,,40,40,20,25,20,,,,4,C,,,,,,,,,
8,Tana,65,45,,40,65,60,20,25,,,,7,D,,,,,,,,,
8,Amelia,60,35,,40,40,50,30,15,,,,5,C,,,,,,,,,
8,Innes,75,40,,40,45,45,20,25,,,,4,E,,,,,,,,,
8,Gerik,90,45,,40,30,30,35,25,,,,5,C,,,,,,,,,
8,Tethys,85,5,,10,70,80,30,75,,,,5,D,,,,,,,,,
8,Marisa,75,30,,55,60,50,15,25,,,,6,E,,,,,,,,,
8,L’Arachel,45,50,,45,45,65,15,50,,,,5,E,,,,,,,,,
8,Dozla,85,50,,35,40,30,30,25,,,,5,C,,,,,,,,,
8,Saleh,50,30,,25,40,40,30,35,,,,5,D,,,,,,,,,
8,Ewan,50,45,,40,35,50,15,40,,,,5,C,,,,,,,,,
8,Cormag,85,55,,40,45,35,25,15,,,,5,D,,,,,,,,,
8,Rennac,65,25,,45,60,25,25,30,,,,7,"D,  C",,,,,,,,,
8,Duessel,85,55,,40,30,20,45,30,,,,7,"D,  C",,,,,,,,,
8,Knoll,70,50,,40,35,20,10,45,,,,8,"A,  A",,,,,,,,,
8,Myrrh,130,90,,85,65,30,150,30,,,,7,D,,,,,,,,,
8,Syrene,70,40,,50,60,30,20,50,,,,4,E,,,,,,,,,
8,Caellach,85,50,,45,45,20,30,20,,,,6,A,,,,,,,,,
8,Orson,80,55,,45,40,25,45,30,,,,5,C,,,,,,,,,
8,Riev,75,45,,50,40,15,20,45,,,,5,–,,,,,,,,,
8,Ismaire,75,30,,60,55,30,20,25,,,,5,D,,,,,,,,,
8,Selena,85,40,,55,40,25,20,30,,,,6,D,,,,,,,,,
8,Glen,85,45,,50,45,20,35,40,,,,6,B,,,,,,,,,
8,Hayden,70,40,,45,45,40,25,25,,,,6,"A,  B,  C",,,,,,,,,
8,Valter,80,40,,55,50,15,20,20,,,,4,E,,,,,,,,,
8,Fado,85,55,,40,30,25,45,25,,,,7,C,,,,,,,,,
8,Lyon,85,50,,55,55,30,45,55,,,,6,B,,,,,,,,,
8,Knoll’s Phantom,0,50,,50,40,55,0,0,,,,6,"A,  A,  A",,,,,,,,,
8,Ewan’s Phantom,0,70,,40,20,40,0,0,,,,5,C,,,,,,,,,
8,Lyon’s Phantom,0,60,,45,30,60,0,0,,,,6,–,,,,,,,,,
Game,Name,HP,Str,Mag,Skl,Spd,Luck,Def,Res,,,,8,"C,  A",,,,,,,,,
9,Ike,75,50,20,50,55,35,40,40,,,,6,"A,  A",,,,,,,,,
9,Titania,80,45,25,60,50,45,40,45,,,,8,"A,  A",,,,,,,,,
9,Oscar,55,45,20,50,45,30,35,30,,,,6,"S,  A",,,,,,,,,
9,Boyd,75,60,5,50,45,35,25,25,,,,6,A,,,,,,,,,
9,Rhys,40,5,60,50,40,50,25,55,,,,7,"A,  B",,,,,,,,,
9,Shinon,75,65,20,70,65,35,50,40,,,,8,"A,  A",,,,,,,,,
9,Gatrie,80,55,5,55,25,25,60,30,,,,7,"A,  A",,,,,,,,,
9,Soren,45,5,60,55,40,30,15,55,,,,8,S,,,,,,,,,
9,Mia,50,40,30,45,60,45,20,25,,,,5,"A,  A,  A",,,,,,,,,
9,Ilyana,45,25,50,45,30,45,15,50,,,,6,"S,  A",,,,,,,,,
9,Marcia,55,40,20,50,55,40,25,30,,,,Mov,,,,,,,,,Wt,
9,Mist,50,35,50,25,40,60,15,40,,,,6,,,,,,,,,9,
9,Rolf,60,40,20,45,50,40,30,25,,,,9,,,,,,,,,31,
9,Lethe,130,50,5,65,70,50,40,25,,,,8,,,,,,,,,33,
9,Mordecai,150,65,0,55,50,40,40,20,,,,6,,,,,,,,,10,
9,Volke,65,50,5,55,65,35,20,10,,,,5,,,,,,,,,8,
9,Kieran,60,50,15,50,40,25,40,30,,,,7,,,,,,,,,10,
9,Brom,75,45,10,50,25,20,55,25,,,,5,,,,,,,,,16,
9,Nephenee,55,40,20,55,55,25,35,25,,,,5,,,,,,,,,6,
9,Zihark,55,45,15,50,60,40,30,20,,,,6,,,,,,,,,6,
9,Sothe,60,55,10,70,65,55,35,30,,,,5,,,,,,,,,5,
9,Sothe (Blossom *1),66 2/3,61 1/9,11 1/9,77 7/9,72 2/9,61 1/9,38 8/9,33 1/3,,,,8,,,,,,,,,22,
9,Sothe (Blossom *2),84,79 3/4,19,91,87 3/4,79 3/4,57 3/4,51,,,,5,,,,,,,,,5,
9,Jill,60,40,30,45,45,25,35,30,,,,6,,,,,,,,,4,
9,Astrid,45,40,20,55,50,40,30,25,,,,7,,,,,,,,,21,
9,Makalov,60,55,5,45,50,25,45,20,,,,7,,,,,,,,,33,
9,Stefan,70,50,20,40,55,25,35,30,,,,7,,,,,,,,,11,
9,Tormod,50,20,45,40,45,35,25,45,,,,8,,,,,,,,,33,
9,Muarim,145,70,5,70,55,35,60,45,,,,5,,,,,,,,,17,
9,Devdan,75,60,30,40,35,40,45,25,,,,6,,,,,,,,,10,
9,Reyson,65,5,40,50,50,60,15,50,,,,6,,,,,,,,,10,
9,Ulki,140,60,10,65,60,35,35,25,,,,8,,,,,,,,,35,
9,Janaff,130,55,10,70,65,40,30,25,,,,7,,,,,,,,,6,
9,Tanith,60,40,35,70,40,30,25,30,,,,8,,,,,,,,,29,
9,Calill,50,25,45,45,45,30,40,35,,,,8,,,,,,,,,33,
9,Tauroneo,60,55,5,50,30,15,60,40,,,,7,,,,,,,,,13,
9,Ranulf,130,50,0,55,55,35,35,20,,,,7,,,,,,,,,29,
9,Haar,65,60,5,60,35,15,45,20,,,,5,,,,,,,,,6,
9,Lucia,70,50,30,70,65,50,40,40,,,,7,,,,,,,,,16,
9,Bastian,55,40,65,65,55,30,35,50,,,,9,,,,,,,,,25,
9,Geoffrey,65,50,25,55,55,20,45,45,,,,5,,,,,,,,,5,
9,Largo,80,70,5,45,45,30,25,20,,,,6,,,,,,,,,6,
9,Elincia,60,30,80,45,40,60,25,35,,,,6,,,,,,,,,10,
9,Ena,145,35,5,50,60,40,40,30,,,,6,,,,,,,,,7,
9,Nasir,150,50,10,55,45,35,60,25,,,,6,,,,,,,,,15,
9,Tibarn,145,70,5,70,65,50,60,25,,,,7,,,,,,,,,24,
9,Naesala,135,60,40,70,75,20,55,35,,,,9,,,,,,,,,42,
9,Giffca,160,75,5,70,60,40,50,30,,,,7,,,,,,,,,8,
Game,Name,HP,Str,Mag,Skl,Spd,Lck,Def,Res,,,,6,,,,,,,,,10,
10,Micaiah,40,15,80,40,35,80,20,90,,,,9,,,,,,,,,35,
10,Edward,85,60,5,65,60,50,35,20,,,,7,,,,,,,,,17,
10,Leonardo,60,40,15,75,35,65,35,55,,,,9,,,,,,,,,23,
10,Nolan,60,45,20,70,60,60,35,40,,,,5,,,,,,,,,11,
10,Laura,45,20,70,70,70,50,20,35,,,,5,,,,,,,,,17,
10,Sothe,30,60,20,80,45,65,20,30,,,,6,,,,,,,,,14,
10,Ilyana,55,45,50,60,30,40,30,50,,,,6,,,,,,,,,10,
10,Aran,50,75,10,75,35,35,70,25,,,,7,,,,,,,,,37,
10,Meg,60,35,15,40,65,75,35,50,,,,Mov,,,,,,,,,Wt,
10,Volug,95,25,15,35,40,90,15,10,,,,5,,,,,,,,,5,
10,Tauroneo,55,40,5,65,50,20,45,50,,,,6,,,,,,,,,7,
10,Jill,50,45,15,45,65,60,35,45,,,,6,,,,,,,,,7,
10,Zihark,55,35,10,75,70,40,25,35,,,,6,,,,,,,,,13,
10,Fiona,45,40,15,40,60,55,55,50,,,,5,,,,,,,,,5,
10,Tormod,50,55,40,45,55,25,35,45,,,,7,,,,,,,,,8,
10,Muarim,60,55,5,45,20,55,35,30,,,,5,,,,,,,,,5,
10,Vika,60,25,50,60,60,65,15,65,,,,6,,,,,,,,,15,
10,Nailah,60,30,15,20,20,45,30,30,,,,5,,,,,,,,,12,
10,Rafiel,60,0,40,10,20,60,10,50,,,,7,,,,,,,,,18,
10,Black Knight,0,0,0,0,0,0,0,0,,,,6,,,,,,,,,21,
10,Elincia,45,65,40,50,70,60,20,35,,,,8,,,,,,,,,36,
10,Marcia,70,30,20,40,65,50,35,35,,,,7,,,,,,,,,11,
10,Nealuchi,55,35,10,40,40,80,40,25,,,,8,,,,,,,,,31,
10,Leanne,60,0,40,10,20,80,10,40,,,,6+2,,,,,,,,,7,
10,Haar,30,70,5,70,30,45,65,20,,,,7,,,,,,,,,23,
10,Brom,80,40,5,40,30,70,60,25,,,,6,,,,,,,,,5,
10,Nephenee,45,35,15,70,65,40,35,45,,,,7,,,,,,,,,16,
10,Heather,40,25,20,50,70,75,30,40,,,,5,,,,,,,,,5,
10,Lucia,50,25,20,70,60,30,15,50,,,,6,,,,,,,,,25,
10,Lethe,85,35,5,30,50,45,35,20,,,,9,,,,,,,,,23,
10,Mordecai,90,35,10,25,15,80,45,15,,,,9,,,,,,,,,23,
10,Geoffrey,60,50,10,60,35,30,30,55,,,,6,,,,,,,,,7,
10,Kieran,75,60,15,40,30,30,60,25,,,,5,,,,,,,,,2,
10,Astrid,55,40,20,45,40,70,30,50,,,,9,,,,,,,,,42,
10,Makalov,55,40,15,40,75,45,50,25,,,,6,,,,,,,,,21,
10,Danved,75,40,20,30,45,60,45,25,,,,7,,,,,,,,,12,
10,Calill,35,25,45,60,55,55,15,50,,,,7,,,,,,,,,7,
10,Ike,65,55,10,60,35,30,40,15,,,,7,,,,,,,,,8,
10,Titania,60,60,15,55,50,40,20,30,,,,7,,,,,,,,,11,
10,Soren,40,25,80,60,35,35,25,70,,,,7,,,,,,,,,27,
10,Mist,40,25,45,55,50,70,25,40,,,,9,,,,,,,,,36,
10,Rolf,85,75,10,45,45,35,35,20,,,,9,,,,,,,,,36,
10,Boyd,80,65,5,45,45,40,50,10,,,,9,,,,,,,,,31,
10,Oscar,50,35,20,65,60,55,30,20,,,,9,,,,,,,,,35,
10,Shinon,50,40,15,70,65,30,45,20,,,,7,,,,,,,,,18,
10,Gatrie,50,60,5,45,60,30,60,35,,,,6,,,,,,,,,7,
10,Rhys,40,25,65,35,35,60,20,75,,,,7,,,,,,,,,13,
10,Mia,70,45,15,60,65,35,40,25,,,,9,,,,,,,,,33,
10,Ranulf,70,30,15,40,35,55,15,10,,,,6,,,,,,,,,6,
10,Kyza,85,40,5,45,35,50,40,15,,,,7,,,,,,,,,5,
10,Lyre,50,35,10,65,70,50,20,30,,,,7,,,,,,,,,7,
10,Reyson,65,5,30,20,20,60,20,20,,,,7,,,,,,,,,13,
10,Janaff,55,40,15,45,25,50,35,10,,,,9,,,,,,,,,36,
10,Ulki,65,25,30,25,40,35,30,25,,,,7,,,,,,,,,11,
10,Sigrun,40,45,10,70,25,70,10,50,,,,6,,,,,,,,,23,
10,Tanith,35,55,15,75,40,35,40,30,,,,6,,,,,,,,,9,
10,Sanaki,70,40,60,60,35,55,30,50,,,,7,,,,,,,,,7,
10,Skrimir,90,35,5,35,25,20,50,5,,,,7,,,,,,,,,14,
10,Tibarn,75,40,5,10,20,40,40,20,,,,7,,,,,,,,,21,
10,Naesala,40,45,15,30,45,55,15,35,,,,7,,,,,,,,,11,
10,Pelleas,35,25,55,45,60,40,30,45,,,,6,,,,,,,,,5,
10,Stefan,55,50,20,60,60,15,40,50,,,,7,,,,,,,,,7,
10,Oliver,65,55,35,35,45,30,30,20,,,,7,,,,,,,,,11,
10,Bastian,25,20,30,70,40,40,25,50,,,,9,,,,,,,,,23,
10,Volke,50,50,5,60,65,20,45,15,,,,9,,,,,,,,,24,
10,Kurthnaga,95,45,15,20,35,60,25,40,,,,6,,,,,,,,,4,
10,Ena,50,20,50,40,40,35,15,50,,,,7,,,,,,,,,26,
10,Caineghis,50,40,10,40,20,40,30,10,,,,8,,,,,,,,,16,
10,Giffca,40,35,10,35,50,25,30,15,,,,7,,,,,,,,,12,
10,Renning,40,60,10,50,40,10,70,20,,,,6,,,,,,,,,9,
10,Gareth,90,40,5,30,10,65,30,25,,,,7,,,,,,,,,13,
10,Nasir,70,15,45,35,20,45,15,40,,,,6,,,,,,,,,12,
10,Lehran,0,0,0,0,0,0,0,0,,,,6,,,,,,,,,10,
Game,Name,HP,Str,Mag,Skl,Spd,Lck,Def,Res,,,,7,,,,,,,,,11,
11,Avatar,80,55,50,50,50,55,40,30,,,,6,,,,,,,,,12,
11,Chrom,85,60,10,60,60,70,45,25,,,,5,,,,,,,,,11,
11,Lissa,70,30,50,45,50,65,20,50,,,,7,,,,,,,,,27,
11,Frederick,110,65,10,55,50,40,55,25,,,,7,,,,,,,,,27,
11,Sully,85,55,20,60,60,60,45,25,,,,9,,,,,,,,,37,
11,Virion,80,55,30,70,60,40,35,30,,,,5,,,,,,,,,26,
11,Stahl,95,65,10,55,50,50,60,15,,,,5,,,,,,,,,18,
11,Vaike,105,75,10,65,50,45,50,10,,,,6,,,,,,,,,9,
11,Miriel,70,15,60,60,60,50,25,40,,,,Mov,Weapon Rank,,Equipment,,Skills,,,,,
11,Sumia,75,45,25,70,70,60,30,40,,,,5,E (+10)  E (+10),,"Thunder, Bronze Sword",,Veteran,,,,,
11,Kellam,100,65,15,55,45,35,70,35,,,,6,E (+10),,"Falchion, Rapier, Vulnerary",,Dual Strike+,,,,,
11,Donnel,85,55,15,45,50,80,45,20,,,,5,E,,"Heal, Vulnerary",,Miracle,,,,,
11,Lon’qu,80,55,20,75,75,55,30,25,,,,7,D  B  D,,Silver Lance,,"Discipline, Outdoor Fighter",,,,,
11,Ricken,85,20,55,50,50,65,35,35,,,,7,E  E (+20),,Bronze Lance,,Discipline,,,,,
11,Maribelle,65,20,60,50,50,80,15,55,,,,5,D,,"Iron Bow, Elixir",,Skill +2,,,,,
11,Panne,100,60,15,70,75,40,50,20,,,,7,E (+20)  E,,Bronze Sword,,Discipline,,,,,
11,Gaius,85,60,20,70,70,35,30,20,,,,5,D,,–,,HP +5,,,,,
11,Cordelia,90,60,20,60,60,45,45,35,,,,5,E (+10),,"Fire, Iron Axe",,Magic +2,,,,,
11,Gregor,105,60,10,65,50,45,50,15,,,,7,D,,"Iron Lance, Vulnerary",,Speed +2,,,,,
11,Nowi,120,65,40,50,50,65,65,50,,,,4,D,,"Iron Lance, Javelin, Vulnerary",,Defence +2,,,,,
11,Libra,90,40,50,55,50,45,35,40,,,,5,E,,"Bronze Lance, Vulnerary",,Aptitude,,,,,
11,Tharja,90,30,60,40,60,40,45,30,,,,5,C,,Killing Edge,,Avoid +10,,,,,
11,Anna,80,40,45,60,55,80,35,40,,,,5,D,,Elwind,,Magic +2,,,,,
11,Olivia,75,40,25,70,70,60,25,25,,,,7,D,,"Mend, Vulnerary",,Resistance +2,,,,,
11,Cherche,100,70,20,55,50,50,55,15,,,,6,–,,"Beaststone, Concoction",,Even Rhythm,,,,,
11,Henry,95,40,50,60,55,40,50,30,,,,5,D (+20),,Iron Sword,,Locktouch,,,,,
11,Say’ri,90,55,20,65,65,45,40,40,,,,7,C,,"Steel Lance, Javelin, Vulnerary",,Speed +2,,,,,
11,Tiki,130,60,45,55,50,80,60,60,,,,5,C,,"Steel Sword, Vulnerary",,"Armsthrift, Patience",,,,,
11,Basilio,110,70,10,60,50,45,50,20,,,,,,,,,,,,,,
11,Flavia,95,55,20,70,65,55,40,30,,,,6,–,,Dragonstone,,Odd Rhythm,,,,,
11,Gangrel,75,50,45,75,70,30,35,40,,,,,,,,,,,,,,
11,Walhart,125,80,15,45,45,45,55,35,,,,6,C  C,,"Killer Axe, Mend, Ward, Concoction",,"Healtouch, Miracle",,,,,
11,Emmeryn,80,10,75,60,60,70,30,45,,,,,,,,,,,,,,
11,Yen’fay,100,65,10,70,75,60,35,30,,,,,,,,,,,,,,
11,Aversa,85,35,60,55,60,65,35,40,,,,5,D,,"Elthunder, Nosferatu",,"Hex, Anathema",,,,,
11,Priam,125,80,10,65,50,50,50,15,,,,,,,,,,,,,,
11,Lucina,-,-,-,-,-,-,-,-,,,,6+1,C  D,,"Steel Sword, Heal, Concoction",,"Movement +1, Locktouch",,,,,
11,Owain,–,–,–,–,–,–,–,–,,,,,,,,,,,,,,
11,Inigo,–,–,–,–,–,–,–,–,,,,,,,,,,,,,,
11,Brady,–,–,–,–,–,–,–,–,,,,5,D,,"Iron Sword, Concoction",,Luck +4,,,,,
11,Kjelle,–,–,–,–,–,–,–,–,,,,7,C,,"Steel Axe, Hammer",,"Strength +2, Tantivy",,,,,
11,Cynthia,–,–,–,–,–,–,–,–,,,,,,,,,,,,,,
11,Severa,–,–,–,–,–,–,–,–,,,,,,,,,,,,,,
11,Gerome,–,–,–,–,–,–,–,–,,,,5,C,,"Ruin, Elfire, Concoction",,"Hex, Anathema",,,,,
11,Morgan (M),–,–,–,–,–,–,–,–,,,,,,,,,,,,,,
11,Morgan (F),–,–,–,–,–,–,–,–,,,,,,,,,,,,,,
11,Yarne,–,–,–,–,–,–,–,–,,,,6,B,,Concoction,,"Avoid +10, Vantage",,,,,
11,Laurent,–,–,–,–,–,–,–,–,,,,,,,,,,,,,,
11,Noire,–,–,–,–,–,–,–,–,,,,,,,,,,,,,,
11,Nah,–,–,–,–,–,–,–,–,,,,6,–,,Dragonstone+,,"Odd Rhythm, Wyrmsbane",,,,,
Game,Name,HP,Str,Mag,Skl,Spd,Lck,Def,Res,,,,,,,,,,,,,,
12,Avatar,45,45,30,40,45,45,35,25,,,,,,,,,,,,,,
12,Felicia,40,10,35,30,40,55,15,35,,,,6,A  B,,"Silver Axe, Hammer, Silver Bow",,"HP +5, Zeal, Rally Strength",,,,,
12,Jakob,50,30,15,40,35,45,25,25,,,,,,,,,,,,,,
12,Kaze,55,40,0,45,65,20,20,35,,,,,,,,,,,,,,
12,Azura,25,50,25,60,60,40,15,35,,,,6,A  B,,"Silver Sword, Short Axe",,"Armsthrift, Patience, Sol",,,,,
12,Silas,40,45,5,50,40,40,40,25,,,,,,,,,,,,,,
12,Shura,30,25,10,20,35,30,15,35,,,,,,,,,,,,,,
12,Izana,45,15,35,55,30,45,35,35,,,,5,C,,"Parallel Falchion, Rapier",,"Dual Strike+, Charm, Aether *1",,,,,
12,Mozu,30,40,5,50,55,45,35,30,,,,5,C,,Steel Sword,,"Avoid +10, Vantage",,,,,
12,Rinkah,20,25,15,50,45,35,45,20,,,,5,C,,"Killing Edge, Concoction",,"Armsthrift, Patience",,,,,
12,Sakura,45,30,50,40,40,55,30,20,,,,5,D,,"Mend, Concoction",,"Miracle, Healtouch",,,,,
12,Hana,25,55,10,45,55,25,20,30,,,,4,C,,"Steel Lance, Concoction",,"Defence +2, Indoor Fighter",,,,,
12,Subaki,55,30,20,50,20,25,45,5,,,,8,C,,Steel Lance,,"Speed +2, Relief",,,,,
12,Saizo,40,50,45,60,30,55,45,10,,,,5,C,,Steel Sword,,"Armsthrift, Patience",,,,,
12,Orochi,35,5,65,50,15,35,25,45,,,,8,C,,"Steel Axe, Concoction",,"Strength +2, Tantivy",,,,,
12,Hinoka,45,45,15,40,45,40,35,40,,,,Varies,,,"Varies *2, Concoction",,Varies,,,,,
12,Azama,55,50,20,40,45,40,40,20,,,,6,–,,"Beaststone, Elixir",,Even Rhythm,,,,,
12,Setsuna,30,20,0,30,60,30,15,40,,,,5,C,,Elwind,,"Magic +2, Focus",,,,,
12,Hayato,50,30,40,30,45,60,40,20,,,,5,C,,Steel Bow,,"Skill +2, Prescience",,,,,
12,Oboro,30,40,20,40,40,40,40,30,,,,6,–,,Dragonstone,,Odd Rhythm,,,,,
12,Hinata,55,35,0,25,15,45,45,15,,,,Mov,,,,,,,,,,
12,Takumi,50,35,0,60,40,45,35,20,,,,5,,,,,,,,,,
12,Kagero,30,65,0,20,50,30,25,40,,,,6,,,,,,,,,,
12,Reina,40,45,5,20,45,10,20,10,,,,6,,,,,,,,,,
12,Kaden,45,40,10,25,45,50,35,40,,,,6,,,,,,,,,,
12,Ryoma,50,45,0,50,45,40,35,25,,,,6,,,,,,,,,,
12,Scarlet,30,45,20,40,50,40,25,20,,,,5,,,,,,,,,,
12,Yukimura,25,25,5,40,15,30,25,30,,,,5,,,,,,,,,,
12,Kana,30,35,30,40,45,45,25,25,,,,7,,,,,,,,,,
12,Shigure,35,45,5,45,35,25,35,25,,,,6,,,,,,,,,,
12,Dwyer,45,45,30,20,30,30,30,35,,,,6,,,,,,,,,,
12,Sophie,35,35,10,55,50,35,25,35,,,,5,,,,,,,,,,
12,Midori,45,35,5,55,35,50,30,20,,,,5,,,,,,,,,,
12,Shiro,50,50,0,40,35,35,45,30,,,,5,,,,,,,,,,
12,Kiragi,45,40,0,45,50,45,40,15,,,,5,,,,,,,,,,
12,Asugi,40,45,50,55,45,50,30,20,,,,7,,,,,,,,,,
12,Selkie,35,30,15,35,55,60,30,50,,,,5,,,,,,,,,,
12,Hisame,50,40,0,40,40,25,30,20,,,,5,,,,,,,,,,
12,Mitama,45,40,35,45,50,50,30,20,,,,7,,,,,,,,,,
12,Caeldori,55,35,15,40,40,45,35,20,,,,5,,,,,,,,,,
12,Rhajat,40,15,60,10,50,30,25,35,,,,5,,,,,,,,,,
12,Gunter,15,5,0,5,0,15,5,5,,,,5,,,,,,,,,,
12,Elise,30,5,65,25,55,70,15,40,,,,5,,,,,,,,,,
12,Arthur,50,45,0,55,35,5,45,20,,,,5,,,,,,,,,,
12,Effie,35,60,0,35,50,50,35,30,,,,5,,,,,,,,,,
12,Odin,55,35,30,55,35,60,40,20,,,,5,,,,,,,,,,
12,Niles,40,35,20,40,50,30,30,40,,,,8,,,,,,,,,,
12,Nyx,30,5,50,35,50,20,15,30,,,,5,,,,,,,,,,
12,Camilla,40,50,25,50,55,25,35,45,,,,6,,,,,,,,,,
12,Selena,40,30,5,25,45,30,45,30,,,,8,,,,,,,,,,
12,Beruka,45,30,10,55,30,45,40,25,,,,7,,,,,,,,,,
12,Laslow,50,45,0,45,30,55,35,25,,,,5,,,,,,,,,,
12,Peri,30,50,5,30,50,35,25,45,,,,7,,,,,,,,,,
12,Benny,50,40,0,50,10,35,55,45,,,,7,,,,,,,,,,
12,Charlotte,65,55,0,35,50,45,20,5,,,,7,,,,,,,,,,
12,Leo,45,25,55,35,45,45,30,45,,,,5,,,,,,,,,,
12,Keaton,60,60,0,20,35,30,50,25,,,,5,,,,,,,,,,
12,Xander,45,50,5,40,35,60,40,15,,,,5,,,,,,,,,,
12,Flora,35,40,20,45,30,35,30,30,,,,5,,,,,,,,,,
12,Siegbert,40,45,5,45,45,45,35,20,,,,5,,,,,,,,,,
12,Forrest,55,15,65,20,35,25,25,55,,,,5,,,,,,,,,,
12,Ignatius,40,50,0,40,30,55,45,35,,,,5,,,,,,,,,,
12,Velouria,50,50,0,40,40,35,45,30,,,,7,,,,,,,,,,
12,Percy,30,30,5,45,40,75,55,15,,,,5,,,,,,,,,,
12,Ophelia,45,15,45,40,45,65,20,30,,,,7,,,,,,,,,,
12,Soleil,25,60,0,35,35,45,35,40,,,,7,,,,,,,,,,
12,Nina,30,45,30,35,40,50,25,45,,,,7,,,,,,,,,,
Game,Name,HP,Str,Mag,Dex,Spd,Lck,Def,Res,,,,5,,,,,,,,,,
13,Protagonist,45,45,35,45,45,45,35,30,,,,4,,,,,,,,,,
13,Sothis (NPC),35,30,65,40,40,65,30,60,,,,5,,,,,,,,,,
13,Edelgard,40,55,45,45,40,30,35,35,,,,5,,,,,,,,,,
13,Hubert,35,30,55,45,45,35,25,40,,,,5,,,,,,,,,,
13,Dorothea,40,20,40,45,40,35,15,35,,,,8,,,,,,,,,,
13,Ferdinand,50,45,20,40,50,40,35,20,,,,5,,,,,,,,,,
13,Bernadetta,35,35,20,55,50,25,20,30,,,,7,,,,,,,,,,
13,Caspar,55,45,25,45,45,40,30,20,,,,5,,,,,,,,,,
13,Petra,45,40,25,50,60,45,30,15,,,,7,,,,,,,,,,
13,Linhardt,30,30,45,40,40,45,30,45,,,,4,,,,,,,,,,
13,Dimitri,55,60,20,50,50,25,40,20,,,,5,,,,,,,,,,
13,Dedue,60,50,15,30,20,25,50,10,,,,8,,,,,,,,,,
13,Felix,45,55,30,45,55,40,30,20,,,,5,,,,,,,,,,
13,Mercedes,30,25,50,45,40,30,25,45,,,,8,,,,,,,,,,
13,Ashe,35,35,25,55,50,40,20,35,,,,6,,,,,,,,,,
13,Annette,25,30,50,50,35,35,20,30,,,,7,,,,,,,,,,
13,Sylvain,55,45,30,35,50,35,40,25,,,,7,,,,,,,,,,
13,Ingrid,40,35,35,40,60,45,30,40,,,,4,,,,,,,,,,
13,Claude,35,40,25,60,55,45,30,25,,,,5,,,,,,,,,,
13,Lorenz,55,40,40,45,40,25,30,40,,,,7,,,,,,,,,,
13,Hilda,50,45,25,30,50,35,35,20,,,,5,,,,,,,,,,
13,Raphael,65,50,15,35,15,35,45,10,,,,5,,,,,,,,,,
13,Lysithea,20,15,60,60,50,15,10,25,,,,5,,,,,,,,,,
13,Ignatz,35,35,30,50,50,55,25,35,,,,,,,,,,,,,,Cha
13,Marianne,35,20,50,40,40,35,15,45,,,,,,,,,,,,,,7
13,Leonie,40,40,20,55,60,40,40,15,,,,,,,,,,,,,,10
13,Rhea (NPC),45,35,45,40,40,40,30,40,,,,,,,,,,,,,,10
13,Manuela,50,35,35,40,60,35,30,25,,,,,,,,,,,,,,6
13,Hanneman,40,30,55,45,20,35,25,40,,,,,,,,,,,,,,8
13,Seteth,50,45,35,50,50,25,30,25,,,,,,,,,,,,,,7
13,Flayn,25,25,55,45,35,15,25,50,,,,,,,,,,,,,,6
13,Cyril,35,20,15,40,40,30,10,10,,,,,,,,,,,,,,4
13,Jeralt (NPC),50,45,20,45,40,25,35,35,,,,,,,,,,,,,,6
13,Catherine,50,50,25,40,55,30,30,20,,,,,,,,,,,,,,3
13,Alois,45,45,20,35,40,30,40,20,,,,,,,,,,,,,,9
13,Gilbert,55,45,20,45,30,15,45,10,,,,,,,,,,,,,,4
13,Shamir,35,40,20,55,40,55,20,15,,,,,,,,,,,,,,5
13,Yuri,30,40,35,40,65,45,30,35,,,,,,,,,,,,,,8
13,Balthus,50,50,30,25,30,20,45,30,,,,,,,,,,,,,,5
13,Constance,20,20,60,30,35,15,15,30,,,,,,,,,,,,,,6
13,Hapi,35,35,45,45,40,20,15,45,,,,,,,,,,,,,,7
13,Jeritza,50,50,35,35,60,30,40,25,,,,,,,,,,,,,,8
13,Anna,35,35,35,45,55,45,30,40,,,,,,,,,,,,,,8
Game,Name,HP,Str,Mag,Dex,Spd,Def,Res,Lck,,Bld,,,,,,,,,,,,3
14,Alear,60,35,20,45,50,40,25,25,,5,,,,,,,,,,,,7
14,Vander,60,25,10,25,35,35,20,10,,5,,,,,,,,,,,,4
14,Clanne,40,35,10,40,50,30,25,20,,5,,,,,,,,,,,,5
14,Framme,55,30,25,35,55,25,30,25,,0,,,,,,,,,,,,4
14,Alfred,65,40,5,35,40,40,20,40,,10,,,,,,,,,,,,7
14,Etie,45,40,0,25,35,25,30,25,,5,,,,,,,,,,,,7
14,Boucheron,85,20,0,50,45,35,20,15,,20,,,,,,,,,,,,10
14,Céline,50,35,25,30,45,30,40,50,,5,,,,,,,,,,,,7
14,Chloé,75,25,35,40,55,30,25,25,,5,,,,,,,,,,,,5
14,Louis,75,40,0,25,25,50,20,25,,15,,,,,,,,,,,,9
14,Yunaka,50,35,25,40,45,15,45,25,,5,,,,,,,,,,,,9
14,Alcryst,65,30,10,40,45,30,20,15,,10,,,,,,,,,,,,4
14,Citrinne,45,10,40,25,30,20,40,25,,5,,,,,,,,,,,,6
14,Lapis,55,25,20,35,55,35,30,25,,5,,,,,,,,,,,,4
14,Diamant,75,30,15,20,40,40,25,20,,15,,,,,,,,,,,,7
14,Amber,65,45,0,25,30,35,5,35,,15,,,,,,,,,,,,6
14,Jade,55,35,25,35,30,40,30,20,,10,,,,,,,,,,,,6
14,Ivy,55,25,30,25,40,30,35,15,,10,,,,,,,,,,,,8
14,Kagetsu,60,30,15,50,50,40,25,40,,10,,,,,,,,,,,,4
14,Zelkov,65,35,15,40,35,35,15,25,,10,,,,,,,,,,,,6
14,Fogado,60,30,25,30,55,30,35,25,,10,,,,,,,,,,,,4
14,Pandreo,60,5,30,45,45,15,55,30,,15,,,,,,,,,,,,3
14,Bunet,65,30,10,40,35,45,25,40,,10,,,,,,,,,,,,7
14,Timerra,55,25,25,45,45,30,30,30,,10,,Bld,Mov,,,,,,,,,
14,Panette,75,45,10,40,25,30,15,20,,15,,4,4,,,,,,,,,
14,Merrin,55,25,25,40,50,30,30,25,,10,,8,6,,,,,,,,,
14,Hortensia,40,20,20,35,50,25,55,50,,0,,4,4,,,,,,,,,
14,Seadall,55,25,15,25,50,25,25,35,,10,,3,4,,,,,,,,,
14,Rosado,75,45,25,40,45,30,30,20,,5,,6,5,,,,,,,,,
14,Goldmary,65,30,5,25,25,55,25,25,,5,,4,4,,,,,,,,,
14,Lindon,65,25,25,25,40,25,40,15,,10,,9,4,,,,,,,,,
14,Saphir,80,35,0,25,30,30,5,20,,10,,4,4,,,,,,,,,
14,Veyle,40,25,45,35,30,25,35,20,,0,,5,5,,,,,,,,,
14,Mauvier,70,35,40,40,35,50,45,15,,15,,8,4,,,,,,,,,
14,Anna,55,15,50,50,50,20,35,45,,5,,5,5,,,,,,,,,
14,Jean,50,20,20,35,40,25,20,25,,5,,6,4,,,,,,,,,
14,Nel,55,30,25,40,45,30,35,30,,10,,4,4,,,,,,,,,
14,Rafal,70,40,10,40,35,45,20,10,,10,,5,4,,,,,,,,,
14,Zelestia,60,35,35,35,50,30,35,20,,5,,9,4,,,,,,,,,
14,Gregory,55,30,50,20,25,35,50,25,,5,,8,5,,,,,,,,,
14,Madeline,75,50,20,15,15,55,25,25,,10,,8,4,,,,,,,,,
14,Ivy,Wing Tamer,17,32,7,17,15,13,12,15,4,,7,5,,,,,,,,,
14,Kagetsu,Swordmaster,1,35,17,5,22,22,14,10,17,,9,5,,,,,,,,,
14,Zelkov,Thief,17,35,15,3,19,19,14,5,7,,9,5,,,,,,,,,
14,Fogado,Sentinel,17,33,12,7,17,18,10,11,8,,8,5,,,,,,,,,
14,Pandreo,High Priest,1,34,7,16,18,17,8,22,14,,8,5,,,,,,,,,
14,Bunet,Great Knight,1,41,15,5,15,9,20,8,13,,11,6,,,,,,,,,
14,Timerra,Sentinel,18,35,14,6,17,18,16,8,10,,5,4,,,,,,,,,
14,Panette,Berserker,1,46,25,3,19,13,11,7,11,,11,5,,,,,,,,,
14,Merrin,Wolf Knight,1,36,15,10,21,21,12,12,14,,9,6,,,,,,,,,
14,Hortensia,Wing Tamer,19,27,5,12,21,19,6,23,17,,5,5,,,,,,,,,
14,Seadall,Dancer,15,33,12,4,15,16,10,10,11,,8,5,,,,,,,,,
14,Rosado,Wyvern Knight,3,44,16,7,19,21,15,11,8,,8,6,,,,,,,,,
14,Goldmary,Hero,3,40,17,2,18,20,20,12,13,,9,5,,,,,,,,,
14,Lindon,Sage,5,38,8,19,21,19,12,21,8,,10,5,,,,,,,,,
14,Saphir,Warrior,7,51,24,2,23,19,19,9,15,,15,5,,,,,,,,,
14,Veyle,Fell Child,35,35,20,26,24,23,17,29,18,,7,5,,,,,,,,,
14,Mauvier,Royal Knight,12,51,21,23,25,22,26,24,16,,12,6,,,,,,,,,
14,Anna,Axe Fighter,5,29,10,2,9,7,4,5,3,,7,4,,,,,,,,,
14,Jean,Martial Monk,1,19,4,5,10,7,4,8,3,,3,4,,,,,,,,,
14,Nel,Fell Child,20,35,14,12,17,19,14,15,16,,8,5,,,,,,,,,
14,Rafal,Fell Child,20,39,19,7,17,16,20,11,12,,9,5,,,,,,,,,
14,Zelestia,Melusine,20,38,17,18,16,20,15,19,7,,9,6,,,,,,,,,
14,Gregory,Sage,1,35,10,25,13,13,13,25,9,,8,5,,,,,,,,,
14,Madeline,General,1,46,24,6,12,7,27,9,9,,13,4,,,,,,,,,