Game,Class,HP,Str,Mag,Skl,Spd,Lck,Def,Res,Mov,Bld,Weapon ranks,Gold,Cap,Wt,Vision,Other,Cha
1,Lord,18,5,0,3,7,0,7,0,7,,Sword E,,,,,,
1,Pegasus Knight,16,4,2,5,7,0,5,6,8,,Lance E,,,,,,
1,Falcon Knight,20,6,1,5,7,0,7,8,10,,"Sword E, Lance D",,,,,,
1,Dracoknight,20,8,1,5,7,0,10,3,10,,"Lance D, Axe E",,,,,,
1,Cavalier,18,5,0,2,6,0,7,0,9,,"Sword E, Lance E",,,,,,
1,Paladin,22,7,1,5,7,0,8,6,10,,"Sword E, Lance D",,,,,,
1,Knight,18,6,0,2,0,0,11,0,5,,Lance E,,,,,,
1,General,28,8,1,3,4,0,15,3,6,,"Lance D, Bow E",,,,,,
1,Archer,16,5,0,3,4,0,6,0,5,,Bow E,,,,,,
1,Sniper,24,7,1,8,9,0,7,3,7,,Bow C,,,,,,
1,Mercenary,16,4,0,8,10,0,5,0,7,,Sword E,,,,,,
1,Hero,22,6,1,10,12,0,7,3,8,,"Sword D, Axe E",,,,,,
1,Myrmidon,16,3,0,9,11,0,4,0,7,,Sword E,,,,,,
1,Swordmaster,22,5,1,11,13,0,6,3,8,,Sword C,,,,,,
1,Fighter,20,5,0,1,7,0,3,0,6,,Axe E,,,,,,
1,Warrior,26,7,0,2,8,0,5,1,7,,"Axe D, Bow E",,,,,,
1,Hunter,18,6,0,4,6,0,3,0,6,,Bow E,,,,,,
1,Horseman,20,6,1,6,8,0,6,3,9,,"Sword E, Bow D",,,,,,
1,Pirate,18,5,0,1,6,0,4,0,6,,Axe E,,,,,,
1,Berserker,24,7,0,2,7,0,6,0,7,,Axe D,,,,,,
1,Dark Mage,16,0,2,1,3,0,4,3,6,,Tome E,,,,,,
1,Sorcerer,22,2,3,2,4,0,4,6,6,,"Tome D, Staff E",,,,,,
1,Mage,16,0,3,1,3,0,2,3,6,,Tome E,,,,,,
1,Sage,22,3,4,2,4,0,3,5,6,,"Tome D, Staff E",,,,,,
1,Curate,16,0,1,1,4,0,3,6,5,,Staff E,,,,,,
1,Cleric,16,0,1,1,3,0,1,8,5,,Staff E,,,,,,
1,Bishop,22,1,3,2,4,0,3,8,6,,"Tome E, Staff D",,,,,,
1,Thief,16,2,0,1,7,0,1,0,7,,Sword E,,,,,,
1,Manakete,18,0,0,1,1,0,1,1,6,,None,,,,,,
1,Ballistician,20,5,0,1,3,0,14,0,4,,None,,,,,,
1,Chameleon,16,1,0,1,6,0,4,10,6,,None,,,,,,
1,Soldier,16,3,0,3,3,0,3,0,6,,Lance E,,,,,,
1,Mage Dragon *,18,0,7,2,0,0,12,11,6,,None,,,,,,
1,Earth Dragon,18,14,0,10,8,0,14,19,6,,None,,,,,,
1,Fire Dragon *,18,8,0,5,5,0,10,5,6,,None,,,,,,
1,Divine Dragon *,18,10,0,8,5,0,16,12,6,,None,,,,,,
1,Dismounted Knight *,18,5,0,2,6,0,7,0,7,,Sword E,,,,,,
Game,Class,HP,Str,Mag,Skl,Spd,Lck,Def,Res,Mov,,Weapon ranks,,,,,,
3,Lord,18,5,0,3,7,0,7,0,7,,Sword E,,,,,,
3,Pegasus Knight,16,4,2,5,7,0,5,6,8,,Lance E,,,,,,
3,Falcon Knight,20,6,3,7,9,0,7,9,10,,"Sword E, Lance D",,,,,,
3,Dracoknight,20,8,1,5,7,0,10,3,10,,"Lance D, Axe E",,,,,,
3,Cavalier,18,5,0,2,6,0,7,0,9,,"Sword E, Lance E",,,,,,
3,Paladin,22,7,1,5,7,0,8,6,10,,"Sword E, Lance D",,,,,,
3,Knight,18,6,0,2,0,0,11,0,5,,Lance E,,,,,,
3,General,28,8,1,3,4,0,15,3,6,,"Lance D, Bow E",,,,,,
3,Archer,16,5,0,3,4,0,6,0,5,,Bow E,,,,,,
3,Sniper,24,7,1,8,9,0,7,3,7,,Bow C,,,,,,
3,Mercenary,18,4,0,8,9,0,5,0,7,,Sword E,,,,,,
3,Hero,24,6,1,10,11,0,7,3,8,,"Sword D, Axe E",,,,,,
3,Myrmidon,16,3,0,9,11,0,4,0,7,,Sword E,,,,,,
3,Swordmaster,22,5,1,11,13,0,6,3,8,,Sword C,,,,,,
3,Fighter,22,7,0,3,6,0,3,0,6,,Axe E,,,,,,
3,Warrior,28,9,0,4,7,0,5,1,7,,"Axe D, Bow E",,,,,,
3,Hunter,18,6,0,4,6,0,3,0,6,,Bow E,,,,,,
3,Horseman,20,6,1,6,8,0,6,3,9,,"Sword E, Bow D",,,,,,
3,Barbarian,18,7,0,1,8,0,4,0,6,,Axe E,,,,,,
3,Pirate,18,7,0,1,8,0,4,0,6,,Axe E,,,,,,
3,Berserker,24,9,0,2,9,0,6,0,7,,Axe D,,,,,,
3,Dark Mage,16,0,2,1,3,0,4,3,6,,Tome E,,,,,,
3,Sorcerer,22,2,4,2,4,0,4,6,6,,"Tome D, Staff E",,,,,,
3,Mage,16,0,3,1,3,0,2,3,6,,Tome E,,,,,,
3,Sage,22,3,5,2,4,0,3,5,6,,"Tome D, Staff E",,,,,,
3,Curate,16,0,1,1,4,0,3,6,5,,Staff E,,,,,,
3,Cleric,16,0,1,1,3,0,1,8,5,,Staff E,,,,,,
3,Bishop,22,1,3,2,4,0,3,9,6,,"Tome E, Staff D",,,,,,
3,Thief,16,2,0,1,7,0,1,0,7,,Sword E,,,,,,
3,Manakete,18,0,0,1,1,0,1,1,6,,None,,,,,,
3,Ballistician,20,5,0,1,3,0,14,0,4,,None,,,,,,
3,Chameleon,16,1,0,1,6,0,4,10,6,,None,,,,,,
3,Dancer,16,1,0,1,8,0,3,0,6,,Sword E,,,,,,
3,Soldier,16,3,0,3,3,0,3,0,6,,Lance E,,,,,,
3,Emperor,16,3,0,3,3,0,3,0,6,,Lance E,,,,,,
3,Mage Dragon,18,0,7,2,0,0,12,11,6,,None,,,,,,
3,Earth Dragon,18,14,0,10,8,0,14,19,6,,None,,,,,,
3,Fire Dragon,18,8,0,5,5,0,10,5,6,,None,,,,,,
3,Ice Dragon,18,5,0,8,5,0,14,9,6,,None,,,,,,
3,Wyvern,18,5,0,5,8,0,9,4,12,,None,,,,,,
3,Divine Dragon,18,10,0,8,5,0,16,12,6,,None,,,,,,
3,Dark Dragon,18,10,0,8,5,0,16,12,6,,None,,,,,,
Game,Name,HP,Atk,,Skl,Spd,Lck,Def,Res,Mov,,,,,,,,
2,Villager,26,7,,1,2,0,2,0,4,,,,,,,,
2,Cavalier,24,9,,3,5,0,5,2,7,,,,,,,,
2,Paladin,28,12,,5,8,0,8,5,8,,,,,,,,
2,Gold Knight,40,18,,7,12,0,13,6,9,,,,,,,,
2,Skogul,46,22,,10,15,0,16,9,10,,,,,,,,
2,Soldier,26,10,,1,3,0,5,0,4,,,,,,,,
2,Knight,34,16,,2,2,0,12,1,4,,,,,,,,
2,Baron,40,22,,6,4,0,18,7,4,,,,,,,,
2,Spartan,46,26,,8,6,0,22,8,4,,,,,,,,
2,Mercenary,24,8,,8,10,0,4,1,4,,,,,,,,
2,Myrmidon,30,11,,11,14,0,7,6,5,,,,,,,,
2,Dread Fighter,36,15,,16,18,0,11,6,7,,,,,,,,
2,Yasha,40,18,,20,22,0,14,9,7,,,,,,,,
2,Archer,24,9,,1,2,0,3,0,4,,,,,,,,
2,Sniper,30,12,,6,6,0,6,2,5,,,,,,,,
2,Bow Knight,40,16,,8,8,0,10,6,8,,,,,,,,
2,Oliphantier,43,18,,10,10,0,12,7,7,,,,,,,,
2,Fighter,28,10,,7,6,7,6,4,5,,,,,,,,
2,Hero,36,16,,14,14,10,10,4,5,,,,,,,,
2,Conqueror,42,20,,17,16,10,10,6,5,,,,,,,,
2,Mage (M),28,8,,3,4,0,5,8,4,,,,,,,,
2,Sage,32,12,,8,7,0,6,9,4,,,,,,,,
2,Guru,37,15,,11,10,0,9,12,4,,,,,,,,
2,Pegasus Knight,20,8,,4,7,6,4,6,7,,,,,,,,
2,Falcon Knight,34,10,,7,12,0,10,12,8,,,,,,,,
2,Harrier,38,13,,10,14,0,12,14,8,,,,,,,,
2,Cleric,18,7,,2,4,4,1,10,4,,,,,,,,
2,Saint,30,10,,7,8,0,5,8,5,,,,,,,,
2,Exemplar,35,12,,9,10,0,6,10,5,,,,,,,,
2,Mage (F),20,9,,1,7,5,2,10,4,,,,,,,,
2,Priestess,32,12,,8,9,0,6,6,4,,,,,,,,
2,Enchantress,36,14,,10,11,0,8,8,4,,,,,,,,
2,Priestess (Celica),24,5,,1,1,0,1,0,4,,,,,,,,
2,Princess,32,13,,10,12,0,6,8,4,,,,,,,,
2,Rigain,38,16,,12,16,0,10,12,4,,,,,,,,
2,Brigand,26,7,,1,2,0,2,0,4,,,,,,,,
2,Arcanist,28,8,,3,4,0,5,8,4,,,,,,,,
2,Shaman,32,12,,8,7,0,6,9,4,,,,,,,,
2,Witch,22,10,,12,8,0,4,14,4,,,,,,,,
2,Revenant,36,5,,1,1,0,1,0,4,,,,,,,,
2,Entombed,18,18,,9,8,12,3,8,6,,,,,,,,
2,Tomblord,36,27,,10,12,7,15,12,5,,,,,,,,
2,Bonewalker,30,10,,1,2,0,8,3,5,,,,,,,,
2,Lich,38,18,,5,3,0,15,6,5,,,,,,,,
2,Gargoyle,26,8,,3,9,0,7,7,7,,,,,,,,
2,Deathgoyle,34,15,,11,16,0,10,10,7,,,,,,,,
2,Necrodragon,40,15,,1,5,0,12,12,8,,,,,,,,
2,White Dragon,40,24,,8,12,0,20,17,8,,,,,,,,
2,Fiend,40,22,,5,3,0,19,10,4,,,,,,,,
2,Mogall,32,15,,10,18,0,8,4,3,,,,,,,,
2,Fell God,182,11,,1,1,0,11,20,2,,,,,,,,
2,Boy/Girl,26,7,,1,2,0,2,0,4,,,,,,,,
2,Mila’s Servant,44,14,,3,6,0,12,14,8,,,,,,,,
2,Duma’s Apostle,48,17,,1,3,0,14,10,8,,,,,,,,
2,Dracul,44,18,,10,10,0,2,2,5,,,,,,,,
2,Titan,40,20,,8,4,0,16,8,6,,,,,,,,
2,Garuda,38,16,,12,17,0,12,8,8,,,,,,,,
2,Guardian,40,24,,5,3,0,20,7,5,,,,,,,,
2,Vestal,34,16,,13,12,0,9,16,5,,,,,,,,
2,Fafnir,46,26,,10,12,0,18,14,9,,,,,,,,
2,Dagon,32,18,,10,8,0,23,18,3,,,,,,,,
2,Balor,46,20,,14,19,0,13,8,3,,,,,,,,
2,Deimos,65,25,,18,10,0,25,16,6,,,,,,,,
2,Fire Dragon,50,20,,17,11,0,26,18,4,,,,,,,,
2,Fell Dragon,150,12,,3,2,0,11,20,2,,,,,,,,
Game,Class,HP,Str,Mag,Skl,Spd,Lck,Def,Mdf,Mov,,,Gold,,,,,
4,Social Knight,30,7,0,6,6,0,6,0,8,,,1000,,,,,
4,Lance Knight,30,7,0,6,6,0,6,0,8,,,1000,,,,,
4,Arch Knight,30,7,0,6,6,0,6,0,8,,,1000,,,,,
4,Axe Knight,30,7,0,6,6,0,6,0,8,,,1000,,,,,
4,Free Knight,30,7,0,6,6,0,6,0,8,,,1000,,,,,
4,Troubadour,26,3,3,6,6,0,3,3,8,,,1000,,,,,
4,Lord Knight,40,10,0,7,7,0,7,3,9,,,3000,,,,,
4,Duke Knight,40,12,0,7,7,0,8,3,9,,,3000,,,,,
4,Master Knight,40,12,7,12,12,0,12,7,9,,,3000,,,,,
4,Paladin (M),40,9,5,9,9,0,9,5,9,,,3000,,,,,
4,Paladin (F),40,9,5,9,9,0,9,5,9,,,3000,,,,,
4,Bow Knight,40,10,0,8,8,0,8,3,9,,,3000,,,,,
4,Forrest Knight,40,8,0,15,12,0,8,3,9,,,3000,,,,,
4,Mage Knight,40,5,10,7,7,0,5,7,9,,,3000,,,,,
4,Great Knight,40,12,0,7,7,0,10,3,9,,,3000,,,,,
4,Pegasus Rider *,30,6,0,5,10,0,3,5,8,,,1000,,,,,
4,Pegasus Knight,35,7,0,7,12,0,5,7,8,,,3000,,,,,
4,Falcon Knight,40,7,7,10,15,0,6,12,8,,,5000,,,,,
4,Dragon Rider,35,9,0,5,5,0,8,0,9,,,1000,,,,,
4,Dragon Knight,40,10,0,7,6,0,11,0,9,,,3000,,,,,
4,Dragon Master,40,12,0,9,7,0,14,0,9,,,5000,,,,,
4,Bow Fighter,30,7,0,10,10,0,5,0,6,,,1000,,,,,
4,Sword Fighter,30,7,0,10,10,0,5,0,6,,,1000,,,,,
4,Swordmaster,40,12,0,15,15,0,7,3,6,,,3000,,,,,
4,Sniper,40,12,0,12,12,0,7,3,6,,,3000,,,,,
4,Forrest,40,12,3,12,12,0,7,3,6,,,3000,,,,,
4,General,40,10,0,6,5,0,12,3,5,,,3000,,,,,
4,Emperor,45,15,15,15,15,0,15,15,5,,,6000,,,,,
4,Baron,45,12,7,7,7,0,12,7,5,,,5000,,,,,
4,Soldier *,30,6,0,5,5,0,7,0,6,,,1000,,,,,
4,Spear Soldier *,30,6,0,5,5,0,7,0,6,,,1000,,,,,
4,Axe Soldier *,30,6,0,5,5,0,7,0,6,,,1000,,,,,
4,Archer *,30,6,0,5,5,0,7,0,6,,,1000,,,,,
4,Sword Soldier *,30,6,0,5,5,0,7,0,6,,,1000,,,,,
4,Armour,40,9,0,5,3,0,10,0,5,,,2000,,,,,
4,Axe Armour,40,9,0,5,3,0,10,0,5,,,2000,,,,,
4,Bow Armour,40,9,0,5,3,0,10,0,5,,,2000,,,,,
4,Sword Armour,40,9,0,5,3,0,10,0,5,,,2000,,,,,
4,Barbarian,35,5,0,0,7,0,5,0,6,,,1000,,,,,
4,Axe Fighter,35,8,0,3,10,0,8,0,6,,,2000,,,,,
4,Mountain Thief,35,5,0,0,7,0,5,0,6,,,5000,,,,,
4,Warrior,40,11,0,5,12,0,10,3,6,,,3000,,,,,
4,Hunter,35,7,0,0,7,0,5,0,6,,,1000,,,,,
4,Pirate,35,5,0,0,7,0,5,0,6,,,5000,,,,,
4,Junior Lord,30,5,0,5,5,0,5,0,6,,,6000,,,,,
4,Mage Fighter (M),30,5,12,10,10,0,7,7,6,,,3000,,,,,
4,Prince,30,8,3,7,6,0,7,3,6,,,5000,,,,,
4,Princess,26,5,7,5,8,0,5,7,6,,,5000,,,,,
4,Mage Fighter (F),26,3,12,9,12,0,5,10,6,,,3000,,,,,
4,Queen,35,5,15,10,12,0,10,15,6,,,6000,,,,,
4,Dancer,26,3,0,1,7,0,1,3,6,,,1000,,,,,
4,Priest,26,0,7,6,6,0,1,7,5,,,1000,,,,,
4,Mage,26,0,7,6,6,0,1,5,5,,,1000,,,,,
4,Fire Mage,26,0,10,6,6,0,1,5,5,,,1000,,,,,
4,Thunder Mage,26,0,7,9,6,0,1,5,5,,,1000,,,,,
4,Wind Mage,26,0,7,6,9,0,1,5,5,,,1000,,,,,
4,High Priest,35,0,12,9,8,0,3,8,5,,,3000,,,,,
4,Bishop,35,0,10,8,5,0,3,8,5,,,3000,,,,,
4,Sage,35,0,15,12,15,0,3,12,6,,,5000,,,,,
4,Bard,30,0,7,7,10,0,3,7,6,,,2000,,,,,
4,Shaman,30,0,8,7,7,0,3,10,5,,,2000,,,,,
4,Dark Mage,40,0,10,8,8,0,7,10,5,,,3000,,,,,
4,Dark Bishop,40,0,15,10,10,0,10,12,5,,,5000,,,,,
4,Thief,26,3,0,3,7,0,1,0,6,,,5000,,,,,
4,Thief Fighter,30,7,3,7,12,0,5,3,7,,,6000,,,,,
4,Civilian,20,0,0,0,10,0,2,0,5,,,0,,,,,
4,Child,20,0,0,0,0,0,0,0,5,,,0,,,,,
4,Long Arch,30,0,0,0,0,0,0,0,0,,,1000,,,,,
4,Iron Arch,30,0,0,0,0,0,10,0,0,,,1000,,,,,
4,Killer Arch,30,0,0,0,0,0,0,0,0,,,1000,,,,,
4,Great Arch *,30,0,0,0,0,0,0,0,0,,,1000,,,,,
4,Dark Prince,30,0,15,12,12,0,10,15,5,,,0,,,,,
Game,Class,HP,Str,Mag,Skl,Spd,Lck,Def,,Mov,Bld,Weapon ranks,Skills,,,,,
5,Lord,18,4,0,2,3,0,2,,6,5,E,–,,,,,
5,Prince,18,5,1,3,4,0,3,,6,5,E,–,,,,,
5,Sword Fighter (M),20,3,0,5,6,0,2,,6,6,E,–,,,,,
5,Swordmaster (M),24,5,1,8,9,0,4,,7,6,C,Continue,,,,,
5,Sword Fighter (F),18,2,0,5,7,0,2,,6,5,E,–,,,,,
5,Swordmaster (F),20,4,1,8,10,0,4,,7,5,C,Continue,,,,,
5,Mercenary (F),20,5,1,7,9,0,5,,6,7,"D,  E",–,,,,,
5,Axe Fighter,20,4,0,4,5,0,2,,6,8,E,–,,,,,
5,Mercenary (M),24,6,1,7,8,0,5,,6,8,"D,  E",–,,,,,
5,Bow Fighter (M),18,3,0,3,4,0,1,,7,6,E,–,,,,,
5,Sniper (M),22,5,1,6,7,0,3,,7,7,D,–,,,,,
5,Bow Fighter (F),16,2,0,3,5,0,1,,6,4,E,–,,,,,
5,Sniper (F),20,4,1,6,8,0,3,,7,5,D,–,,,,,
5,Thief (M),16,1,0,1,6,0,0,,7,5,E,Steal,,,,,
5,Thief Fighter (M),18,4,1,3,8,0,2,,7,6,D,"Steal, Ambush",,,,,
5,Thief (F),14,0,0,1,7,0,0,,7,3,E,Steal,,,,,
5,Thief Fighter (F),16,3,1,3,9,0,2,,7,4,D,"Steal, Ambush",,,,,
5,Mage (Wind)(M),18,0,2,2,3,0,0,,6,4,"E,  E,  D",–,,,,,
5,Bard,16,0,1,1,5,0,0,,6,4,"E,  E,  E,  E",–,,,,,
5,Sage (M),20,0,7,7,9,0,4,,7,5,"D,  D,  D,  D,  C",Continue,,,,,
5,Sister,14,0,1,2,5,0,0,,5,3,"E,  E,  E,  E,  D",–,,,,,
5,Sage (F),16,0,7,7,10,0,3,,7,4,"D,  D,  D,  D,  C",Continue,,,,,
5,Mage (Wind) (F),16,0,2,1,4,0,0,,6,3,"E,  E,  D",–,,,,,
5,Mage Knight (F),18,3,4,4,5,0,3,,8,4,"E (E),  D (D),  D (D),  D (D)",–,,,,,
5,"Mage Knight (F, D)",18,2,4,3,4,0,2,,5,4,"E (E),  D (D),  D (D),  D (D)",–,,,,,
5,Mage Knight (M),20,3,3,5,4,0,4,,8,6,"E (E),  D (D),  D (D),  D (D)",–,,,,,
5,"Mage Knight (M, D)",20,2,3,4,3,0,3,,5,6,"E (E),  D (D),  D (D),  D (D)",–,,,,,
5,Loputo Mage,18,0,2,2,3,0,0,,6,4,"D,  E,  E,  E,  C",–,,,,,
5,Dark Mage,24,0,5,4,3,0,4,,6,5,"C,  E,  E,  E,  C",–,,,,,
5,Priest (M),16,0,3,2,1,0,0,,5,4,E,–,,,,,
5,High Priest (M),18,0,6,3,2,0,1,,6,4,"D,  E",–,,,,,
5,Priest (F),14,0,3,1,2,0,0,,5,3,E,–,,,,,
5,High Priest (F),16,0,6,2,3,0,1,,6,3,"D,  E",–,,,,,
5,Mountain Thief (1),22,5,0,0,0,0,3,,6,9,E,–,,,,,
5,Warrior,28,8,1,5,6,0,6,,6,10,"D,  E",–,,,,,
5,Dancer,14,0,0,0,2,0,0,,6,3,E,Dance,,,,,
5,Axe Armour,20,4,0,0,0,0,8,,5,9,E,–,,,,,
5,General,26,7,1,5,2,0,12,,6,10,"E,  E,  E,  E",–,,,,,
5,Social Knight,20,3,0,3,4,0,3,,8,6,"E (E),  E",–,,,,,
5,Social Knight (D),20,2,0,2,2,0,2,,5,6,"E (E),  (E)",–,,,,,
5,Paladin (M),24,5,1,6,6,0,5,,9,7,"D (D),  E",–,,,,,
5,"Paladin (M, D)",24,4,1,5,4,0,4,,6,7,"D (D),  (E)",–,,,,,
5,Troubadour,16,2,2,2,3,0,2,,8,4,"E (E),  E (E)",–,,,,,
5,Troubadour (D),16,1,2,2,2,0,1,,5,4,"E (E),  E (E)",–,,,,,
5,Paladin (F),20,3,5,3,6,0,3,,9,5,"D (D),  E (E)",–,,,,,
5,"Paladin (F, D)",20,2,5,3,5,0,2,,6,5,"D (D),  E (E)",–,,,,,
5,Lance Knight,20,3,0,3,4,0,3,,8,7,"(E),  E",–,,,,,
5,Lance Knight (D),20,2,0,2,2,0,2,,5,7,"E,  (E)",–,,,,,
5,Duke Knight,24,5,1,6,6,0,5,,9,8,"(E),  D",–,,,,,
5,Duke Knight (D),24,4,1,5,4,0,4,,6,8,"E,  (D)",–,,,,,
5,Axe Knight,20,3,0,3,4,0,3,,8,8,"(E),  E",–,,,,,
5,Axe Knight (D),20,2,0,2,2,0,2,,5,8,"E,  (E)",–,,,,,
5,Great Knight,24,5,1,6,6,0,5,,9,9,"(E),  D",–,,,,,
5,Great Knight (D),24,4,1,5,4,0,4,,6,9,"E,  (D)",–,,,,,
5,Free Knight,20,3,0,3,4,0,3,,8,6,E (E),–,,,,,
5,Free Knight (D),20,2,0,3,4,0,2,,5,6,E (E),–,,,,,
5,Forrest Knight,24,5,1,6,7,0,5,,9,7,D (D),–,,,,,
5,Forrest Knight (D),24,5,1,6,7,0,4,,6,7,D (D),–,,,,,
5,Arch Knight (M),20,3,0,3,4,0,3,,8,6,E (E),–,,,,,
5,"Arch Knight (M, D)",20,2,0,2,2,0,2,,5,6,E (E),–,,,,,
5,Bow Knight (M),24,5,1,6,6,0,5,,9,7,D (D),–,,,,,
5,"Bow Knight (M, D)",24,4,1,5,4,0,4,,6,7,D (D),–,,,,,
5,Arch Knight (F),16,2,0,3,5,0,3,,8,4,E (E),–,,,,,
5,"Arch Knight (F, D)",16,1,0,2,3,0,2,,5,4,E (E),–,,,,,
5,Bow Knight (F),20,4,1,6,7,0,5,,9,5,D (D),–,,,,,
5,"Bow Knight (F, D)",20,3,1,5,5,0,4,,6,5,D (D),–,,,,,
5,Pegasus Rider,16,2,3,3,6,0,2,,8,4,"(E),  E",–,,,,,
5,Pegasus Rider (D),16,1,3,2,4,0,1,,5,4,"E,  (E)",–,,,,,
5,Pegasus Knight,18,4,5,5,8,0,3,,9,5,"(E),  D",–,,,,,
5,Pegasus Knight (D),18,3,5,4,6,0,2,,6,5,"E,  (D)",–,,,,,
5,Dragon Knight (M),24,7,1,6,6,0,9,,9,8,"(D),  D",–,,,,,
5,"Dragon Knight (M, D)",24,4,1,4,4,0,4,,6,8,"D,  (D)",–,,,,,
5,Dragon Rider (F),16,5,0,3,4,0,7,,8,4,"(E),  E",–,,,,,
5,"Dragon Rider (F, D)",16,2,0,1,2,0,2,,5,4,"E,  (E)",–,,,,,
5,Dragon Knight (F),20,7,1,6,6,0,9,,9,5,"(E),  D",–,,,,,
5,"Dragon Knight (F, D)",20,4,1,4,4,0,4,,6,5,"E,  (D)",–,,,,,
Game,Class,HP,S/M,,Skl,Spd,,Def,Res,Mov,Con,Weapon ranks,,,,,,
6,Lord,18,3,,3,4,,5,0,5,6,D,,,,,,
6,Master Lord,22,5,,6,6,,7,5,6,8,A,,,,,,
6,Bard,14,1,,2,7,,1,0,5,6,–,,,,,,
6,Dancer,14,1,,2,7,,0,1,5,4,–,,,,,,
6,Transporter,15,0,,3,3,,3,0,5,25,–,,,,,,
6,Mercenary (M),18,4,,8,8,,4,0,5,9,D,,,,,,
6,Mercenary (F),16,3,,5,6,,2,0,5,8,D,,,,,,
6,Hero (M),22,6,,9,10,,8,2,6,10,"C,  E",,,,,,
6,Hero (F),22,6,,10,11,,6,3,6,9,"C,  E",,,,,,
6,Myrmidon (M),16,4,,9,9,,2,0,5,8,D,,,,,,
6,Myrmidon (F),15,3,,9,10,,1,1,5,5,D,,,,,,
6,Swordmaster (M),21,6,,11,10,,5,2,6,9,C,,,,,,
6,Swordmaster (F),19,6,,11,12,,4,3,6,6,C,,,,,,
6,Thief (M),16,3,,1,9,,2,0,6,6,E,,,,,,
6,Thief (F),16,1,,1,7,,1,1,6,5,E,,,,,,
6,Soldier,20,3,,0,1,,0,0,5,6,E,,,,,,
6,Cavalier (M),20,5,,2,5,,6,0,7,9,"E,  D",,,,,,
6,Cavalier (F),18,5,,3,3,,6,0,7,9,"D,  E",,,,,,
6,Paladin (M),23,7,,4,7,,8,3,8,11,"D,  C,  E",,,,,,
6,Paladin (F),23,6,,6,11,,7,6,8,10,"C,  D,  E",,,,,,
6,Knight (M),17,5,,2,0,,9,0,4,13,D,,,,,,
6,Knight (F),16,4,,3,1,,8,1,4,10,D,,,,,,
6,General (M),21,8,,4,3,,13,3,5,15,"C,  E",,,,,,
6,General (F),20,8,,5,5,,11,4,5,11,"C,  E",,,,,,
6,Fighter,20,5,,2,4,,2,0,5,11,D,,,,,,
6,Warrior,28,8,,5,6,,5,0,6,13,"C,  E",,,,,,
6,Brigand,20,5,,1,5,,3,0,5,12,D,,,,,,
6,Pirate,19,4,,2,6,,3,0,5,10,D,,,,,,
6,Berserker,24,7,,6,7,,6,0,6,13,C,,,,,,
6,Archer (M),18,4,,3,3,,3,0,5,7,D,,,,,,
6,Archer (F),17,3,,3,4,,3,0,5,6,D,,,,,,
6,Sniper (M),21,7,,6,5,,5,2,6,8,C,,,,,,
6,Sniper (F),19,6,,6,7,,5,3,6,7,C,,,,,,
6,Nomad (M),16,5,,4,5,,4,0,7,7,D,,,,,,
6,Nomad (F),15,4,,5,6,,3,0,7,5,D,,,,,,
6,Nomad Trooper (M),21,7,,6,7,,6,3,8,8,"E,  C",,,,,,
6,Nomad Trooper (F),21,6,,6,7,,5,4,8,6,"E,  C",,,,,,
6,Pegasus Knight,14,4,,5,5,,3,2,7,5,D,,,,,,
6,Falcon Knight,20,6,,7,7,,5,4,8,6,"E,  C",,,,,,
6,Wyvern Rider (M),20,7,,3,5,,8,0,7,10,D,,,,,,
6,Wyvern Rider (F),19,6,,5,5,,7,0,7,9,D,,,,,,
6,Wyvern Lord (M),25,9,,5,7,,10,1,8,11,"E,  C",,,,,,
6,Wyvern Lord (F),24,8,,7,7,,9,2,8,10,"E,  C",,,,,,
6,Mage (M),16,1,,2,3,,3,3,5,6,D,,,,,,
6,Mage (F),16,1,,3,2,,2,4,5,4,D,,,,,,
6,Sage (M),20,5,,4,4,,5,5,6,7,"E,   C",,,,,,
6,Sage (F),19,4,,6,5,,3,6,6,5,"E,   C",,,,,,
6,Shaman (M),16,2,,1,2,,2,4,5,5,D,,,,,,
6,Shaman (F),15,3,,1,1,,1,5,5,3,D,,,,,,
6,Druid (M),19,6,,3,4,,4,6,6,6,"E,  C",,,,,,
6,Druid (F),17,7,,3,4,,3,7,6,4,"E,  C",,,,,,
6,Priest (M),18,1,,1,2,,1,5,5,5,D,,,,,,
6,Priest (F),16,1,,2,2,,0,6,5,4,D,,,,,,
6,Bishop (M),21,4,,4,4,,3,8,6,6,"C,  D",,,,,,
6,Bishop (F),19,4,,5,4,,2,9,6,5,"C,  D",,,,,,
6,Troubadour,15,1,,1,3,,2,5,7,5,D,,,,,,
6,Valkyria,19,4,,3,5,,4,8,8,6,"C,  E",,,,,,
6,Mamkute (M),20,0,,0,2,,1,1,5,5,–,,,,,,
6,Mamkute (F),12,0,,0,2,,1,1,5,1,–,,,,,,
6,Fire Dragon,40,10,,5,5,,12,10,8,25,–,,,,,,
6,Divine Dragon,40,10,,5,5,,12,10,8,25,–,,,,,,
6,Demon Dragon,40,25,,20,5,,32,21,2,25,–,,,,,,
6,Child (M),10,0,,0,0,,0,0,5,1,–,,,,,,
6,Child (F),10,0,,0,0,,0,0,5,1,–,,,,,,
6,Civilian (M),10,0,,0,0,,0,0,5,4,–,,,,,,
6,Civilian (F),10,0,,0,0,,0,0,5,3,–,,,,,,
6,King,35,14,,5,5,,15,10,5,17,A,,,,,,
Game,Class,HP,S/M,,Skl,Spd,Lck,Def,Res,Mov,Con,Weapons,,,,,,
7,Lord (Lyn),16,4,,7,9,0,2,0,5,5,D,,,,,,
7,Lord (Eliwood),18,5,,5,7,0,5,0,5,7,D,,,,,,
7,Lord (Hector),19,7,,4,5,0,8,0,5,13,D,,,,,,
7,Blade Lord,18,3,,3,4,0,5,0,6,6,"D,  D",,,,,,
7,Knight Lord,18,3,,3,4,0,5,0,7,9,"D,  D",,,,,,
7,Great Lord,18,3,,3,4,0,5,0,5,15,"D,  D",,,,,,
7,Dancer,14,1,,2,7,0,0,1,5,4,–,,,,,,
7,Bard,14,1,,2,7,0,1,0,5,3,–,,,,,,
7,Prince,10,0,,0,0,0,0,0,5,7,A,,,,,,
7,Transporter (Tent),15,0,,3,3,0,3,0,0,25,–,,,,,,
7,Transporter (Wagon),15,0,,3,3,0,3,0,5,25,–,,,,,,
7,Soldier,20,3,,0,1,0,0,0,5,6,E,,,,,,
7,Cavalier (M),20,5,,2,5,0,6,0,7,9,"E,  E",,,,,,
7,Cavalier (F),18,5,,3,3,0,6,0,7,9,"D,  E",,,,,,
7,Paladin (M),23,7,,4,7,0,8,3,8,11,"D,  D,  E",,,,,,
7,Paladin (F),23,6,,6,11,0,7,6,8,9,"D,  D,  E",,,,,,
7,Knight (M),17,5,,2,0,0,9,0,4,13,D,,,,,,
7,Knight (F),16,4,,3,1,0,8,1,4,10,D,,,,,,
7,General (M),21,8,,4,3,0,13,3,5,15,"C,  E",,,,,,
7,General (F),20,8,,5,5,0,11,4,5,11,"C,  E",,,,,,
7,Mercenary (M),18,4,,8,8,0,4,0,5,9,D,,,,,,
7,Mercenary (F),16,3,,5,6,0,2,0,5,8,D,,,,,,
7,Hero (M),22,6,,9,10,0,8,2,6,10,"C,  E",,,,,,
7,Hero (F),22,6,,10,11,0,6,3,6,9,"C,  E",,,,,,
7,Myrmidon (M),16,4,,9,9,0,2,0,5,8,D,,,,,,
7,Myrmidon (F),15,3,,9,10,0,1,1,5,5,D,,,,,,
7,Swordmaster (M),21,6,,11,10,0,5,2,6,9,C,,,,,,
7,Swordmaster (F),19,6,,11,12,0,4,3,6,7,C,,,,,,
7,Thief (M),16,3,,1,9,0,2,0,6,6,E,,,,,,
7,Thief (F),15,2,,3,8,0,1,2,6,5,E,,,,,,
7,Assassin,16,3,,1,9,0,2,0,6,6,E,,,,,,
7,Archer (M),18,4,,3,3,0,3,0,5,7,D,,,,,,
7,Archer (F),17,3,,3,4,0,3,0,5,5,D,,,,,,
7,Sniper (M),21,7,,6,5,0,5,2,6,8,C,,,,,,
7,Sniper (F),19,6,,6,7,0,5,3,6,6,C,,,,,,
7,Nomad (M),16,5,,4,5,0,4,0,7,7,D,,,,,,
7,Nomad (F),15,4,,5,6,0,3,0,7,5,D,,,,,,
7,Nomad Trooper (M),21,7,,6,7,0,6,3,8,8,"E,  C",,,,,,
7,Nomad Trooper (F),21,6,,6,7,0,5,4,8,6,"E,  C",,,,,,
7,Wyvern Rider (M),20,7,,3,5,0,8,0,7,10,D,,,,,,
7,Wyvern Rider (F),19,6,,5,5,0,7,0,7,9,D,,,,,,
7,Wyvern Lord (M),25,9,,5,7,0,10,1,8,11,"E,  C",,,,,,
7,Wyvern Lord (F),24,8,,7,7,0,9,2,8,10,"E,  C",,,,,,
7,Mage (M),16,1,,2,3,0,3,3,5,6,D,,,,,,
7,Mage (F),16,1,,3,2,0,2,4,5,3,D,,,,,,
7,Sage (M),20,5,,4,4,0,5,5,6,7,"C,  E",,,,,,
7,Sage (F),19,4,,6,5,0,3,6,6,4,"C,  E",,,,,,
7,Sage (Limstella),19,4,,6,5,0,3,6,6,7,"C,  E",,,,,,
7,Monk,18,1,,1,2,0,1,5,5,6,E,,,,,,
7,Cleric,16,1,,2,2,0,0,6,5,4,D,,,,,,
7,Bishop (M),21,4,,4,4,0,3,8,6,7,"D,  C",,,,,,
7,Bishop (F),19,4,,5,4,0,2,9,6,5,"D,  C",,,,,,
7,Shaman (M),16,2,,1,2,0,2,4,5,7,D,,,,,,
7,Shaman (F),15,3,,1,1,0,1,5,5,3,D,,,,,,
7,Druid (M),19,6,,3,4,0,4,6,6,8,"C,  E",,,,,,
7,Druid (F),17,7,,3,4,0,3,7,6,4,"C,  E",,,,,,
7,Fighter,20,5,,2,4,0,2,0,5,11,D,,,,,,
7,Warrior,28,8,,5,6,0,5,0,6,13,"C,  E",,,,,,
7,Brigand,20,5,,1,5,0,3,0,5,12,D,,,,,,
7,Pirate,19,4,,2,6,0,3,0,5,10,D,,,,,,
7,Corsair,19,4,,2,6,0,3,0,5,10,D,,,,,,
7,Berserker,24,7,,6,7,0,6,0,6,13,C,,,,,,
7,Pegasus Knight,14,4,,5,5,0,3,2,7,5,D,,,,,,
7,Falcon Knight,20,6,,7,7,0,5,4,8,6,"E,  C",,,,,,
7,Troubadour,15,1,,1,3,0,2,5,7,5,D,,,,,,
7,Valkyrie,19,4,,3,5,0,4,8,8,6,"E,  C",,,,,,
7,Magic Seal,50,0,,0,24,0,13,0,6,7,–,,,,,,
7,Archsage,40,30,,24,20,0,20,28,6,9,"S,  S,  S,  S",,,,,,
7,Dark Druid,75,30,,18,15,0,28,30,6,10,"S,  S,  S,  S",,,,,,
7,Bramimond,35,30,,25,19,0,18,30,5,6,–,,,,,,
7,Fire Dragon,120,17,,25,15,0,20,20,8,25,–,,,,,,
Game,Class,HP,S/M,,Skl,Spd,,Def,Res,Mov,Con,Weapon Ranks,,,,,,
8,Lord (Ephraim),18,6,,6,7,,6,0,5,8,D,,,,,,
8,Lord (Eirika),16,4,,8,9,,3,1,5,5,E,,,,,,
8,Great Lord (Ephraim),18,3,,3,4,,5,0,7,10,C,,,,,,
8,Great Lord (Eirika),18,3,,3,4,,5,0,7,7,C,,,,,,
8,Dancer,14,1,,2,7,,0,1,5,4,–,,,,,,
8,Soldier,20,3,,0,1,,0,0,5,6,E,,,,,,
8,Cavalier (M),20,5,,2,5,,6,0,7,9,"E,  D",,,,,,
8,Cavalier (F),18,5,,3,3,,6,0,7,9,"E,  D",,,,,,
8,Paladin (M),23,7,,4,7,,8,3,8,11,"D,  D",,,,,,
8,Paladin (F),23,6,,6,11,,7,6,8,9,"D,  D",,,,,,
8,Great Knight (M),21,8,,4,6,,11,3,6,13,"E,  D,  D",,,,,,
8,Great Knight (F),20,6,,6,7,,9,3,6,10,"E,  D,  D",,,,,,
8,Knight (M),17,5,,2,0,,9,0,4,13,D,,,,,,
8,Knight (F),16,4,,3,1,,8,1,4,10,D,,,,,,
8,General (M),21,8,,4,3,,13,3,5,15,"E,  C,  E",,,,,,
8,General (F),20,8,,5,5,,11,4,5,11,"E,  C,  E",,,,,,
8,Mercenary (M),18,4,,8,8,,4,0,5,9,D,,,,,,
8,Mercenary (F),16,3,,5,6,,2,0,5,8,D,,,,,,
8,Hero (M),22,6,,9,10,,8,2,6,11,"C,  D",,,,,,
8,Hero (F),22,6,,10,11,,6,3,6,9,"C,  D",,,,,,
8,Myrmidon (M),16,4,,9,9,,2,0,5,8,D,,,,,,
8,Myrmidon (F),15,3,,9,10,,1,1,5,5,D,,,,,,
8,Swordmaster (M),21,6,,11,10,,5,2,6,9,C,,,,,,
8,Swordmaster (F),19,6,,11,12,,4,3,6,7,C,,,,,,
8,Assassin (M),16,3,,1,9,,2,0,6,8,D,,,,,,
8,Assassin (F),16,3,,1,9,,2,0,6,6,D,,,,,,
8,Thief,16,3,,1,9,,2,0,6,6,E,,,,,,
8,Rogue,16,3,,1,9,,2,0,6,7,E,,,,,,
8,Archer (M),18,4,,3,3,,3,0,5,7,D,,,,,,
8,Archer (F),17,3,,3,4,,3,0,5,5,D,,,,,,
8,Sniper (M),21,7,,6,5,,5,2,6,8,C,,,,,,
8,Sniper (F),19,6,,6,7,,5,3,6,6,C,,,,,,
8,Ranger (M),21,7,,6,7,,6,3,7,9,"D,  D",,,,,,
8,Ranger (F),21,6,,6,7,,5,4,7,8,"D,  D",,,,,,
8,Wyvern Rider (M),20,7,,3,5,,8,0,7,10,D,,,,,,
8,Wyvern Rider (F),19,6,,5,5,,7,0,7,9,D,,,,,,
8,Wyvern Lord (M),25,9,,5,7,,10,1,8,11,"D,  C",,,,,,
8,Wyvern Lord (F),24,8,,7,7,,9,2,8,10,"D,  C",,,,,,
8,Wyvern Knight (M),20,7,,7,8,,7,1,8,10,C,,,,,,
8,Wyvern Knight (F),19,6,,8,9,,6,2,8,9,C,,,,,,
8,Mage (M),16,1,,2,3,,3,3,5,5,D,,,,,,
8,Mage (F),16,1,,3,2,,2,4,5,3,D,,,,,,
8,Sage (M),20,5,,4,4,,5,5,6,7,"C,  D,  D",,,,,,
8,Sage (F),19,4,,6,5,,3,6,6,4,"C,  D,  D",,,,,,
8,Mage Knight (M),20,4,,3,5,,5,5,7,8,"C,  D",,,,,,
8,Mage Knight (F),19,3,,5,6,,3,6,7,6,"C,  D",,,,,,
8,Monk,18,1,,1,2,,1,5,5,6,E,,,,,,
8,Priest,18,1,,1,2,,1,5,5,5,D,,,,,,
8,Cleric,16,1,,2,2,,0,6,5,4,D,,,,,,
8,Bishop (M),21,4,,4,4,,3,8,6,7,"D,  C",,,,,,
8,Bishop (F),19,4,,5,4,,2,9,6,5,"D,  C",,,,,,
8,Shaman (M),16,2,,1,2,,2,4,5,7,D,,,,,,
8,Shaman (F),15,3,,1,1,,1,5,5,3,D,,,,,,
8,Druid (M),19,6,,3,4,,4,6,6,8,"D,  C,  E",,,,,,
8,Druid (F),17,7,,3,4,,3,7,6,4,"D,  C,  E",,,,,,
8,Summoner (M),18,5,,3,4,,3,5,6,8,"C,  E",,,,,,
8,Summoner (F),18,5,,3,4,,3,5,6,4,"C,  E",,,,,,
8,Journeyman (1),14,3,,0,1,,1,0,4,8,E,,,,,,
8,Journeyman (2),20,5,,3,4,,2,1,5,8,D,,,,,,
8,Journeyman (3),28,8,,5,6,,5,0,6,8,C,,,,,,
8,Recruit (1),13,3,,0,1,,0,1,4,6,E,,,,,,
8,Recruit (2),18,5,,3,3,,6,0,5,6,D,,,,,,
8,Recruit (3),23,6,,6,11,,7,6,6,6,C,,,,,,
8,Pupil (1),13,1,,0,1,,0,3,4,5,E,,,,,,
8,Pupil (2),17,2,,3,3,,3,3,5,5,D,,,,,,
8,Pupil (3),20,5,,4,4,,5,5,6,5,"C,  D,  E",,,,,,
8,Manakete (M),20,0,,0,2,,1,1,6,25,–,,,,,,
8,Manakete (F),12,0,,0,2,,2,2,6,5,–,,,,,,
8,Fighter,20,5,,2,4,,2,0,5,11,D,,,,,,
8,Warrior,28,8,,5,6,,5,0,6,13,"C,  D",,,,,,
8,Brigand,20,5,,1,5,,3,0,5,12,D,,,,,,
8,Pirate,19,4,,2,6,,3,0,5,10,D,,,,,,
8,Berserker,24,7,,6,7,,6,0,6,13,C,,,,,,
8,Pegasus Knight,14,4,,5,5,,3,2,7,5,D,,,,,,
8,Falcon Knight,20,6,,7,7,,5,4,8,6,"E,  C",,,,,,
8,Troubadour,15,1,,1,3,,2,5,6,5,D,,,,,,
8,Valkyrie,19,4,,3,5,,4,8,7,6,"D,  D",,,,,,
8,Necromancer,18,9,,4,5,,3,8,6,7,"S,  S",,,,,,
8,Fleet,19,1,,1,2,,5,0,3,25,C,,,,,,
8,Phantom,1,5,,2,4,,0,0,5,11,C,,,,,,
8,Revenant,25,2,,0,0,,0,0,4,6,–,,,,,,
8,Entombed,35,3,,0,1,,0,0,5,6,–,,,,,,
8,Bonewalker (Sw/Ln),20,4,,2,3,,3,0,5,7,"C,  C",,,,,,
8,Bonewalker (Bow),18,4,,3,2,,3,0,5,6,C,,,,,,
8,Wight (Sword/Lance),21,7,,5,6,,5,2,6,9,"A,  A",,,,,,
8,Wight (Bow),21,6,,6,5,,5,2,6,8,A,,,,,,
8,Bael,25,6,,3,3,,6,1,5,12,–,,,,,,
8,Elder Bael,36,8,,5,5,,9,4,6,15,–,,,,,,
8,Cyclops,40,8,,5,6,,13,0,5,16,A,,,,,,
8,Cyclops,40,8,,5,6,,13,0,5,16,S,,,,,,
8,Mauthe Doog,16,4,,10,10,,2,0,7,6,–,,,,,,
8,Gwyllgi,21,6,,12,12,,5,2,8,8,–,,,,,,
8,Tarvos,21,6,,2,5,,7,0,7,10,C,,,,,,
8,Maelduin,25,8,,4,7,,9,3,8,12,"A,  A",,,,,,
8,Mogall,15,2,,1,2,,2,4,5,4,C,,,,,,
8,Arch Mogall,17,6,,3,3,,3,7,6,5,A,,,,,,
8,Gorgon Egg,50,0,,0,0,,10,10,0,6,–,,,,,,
8,Gorgon,19,8,,3,4,,5,7,6,11,A,,,,,,
8,Gargoyle,19,6,,3,6,,6,0,6,8,C,,,,,,
8,Deathgoyle,23,8,,5,8,,9,1,7,11,A,,,,,,
8,Draco Zombie,53,1,,0,1,,0,3,5,25,–,,,,,,
8,Demon King,60,23,,20,18,,25,25,2,25,–,,,,,,
8,Civilian (Young boy),8,1,,0,0,,0,0,5,4,–,,,,,,
8,Civilian (Young girl),7,0,,0,0,,0,1,5,3,–,,,,,,
8,Civilian (Male 1),10,0,,1,0,,0,2,5,6,–,,,,,,
8,Civilian (Female 1),9,0,,1,0,,0,1,5,4,–,,,,,,
8,Civilian (Male 2),12,3,,0,0,,2,0,5,7,–,,,,,,
8,Civilian (Female 2),10,0,,1,0,,1,1,5,5,–,,,,,,
8,Queen,10,0,,0,0,,0,0,5,5,–,,,,,,
8,Pontifex,10,0,,0,0,,0,0,5,8,–,,,,,,
Game,Class,HP,Str,Mag,Skl,Spd,,Def,Res,Mov,Bld,Weapons,,Cap,Wt,,,
9,Ranger,18,3,1,3,4,,5,0,6,9,Sword D,,20,9,,,
9,Lord,22,6,3,5,6,,8,2,7,10,Sword C,,25,11,,,
9,Hero,22,6,1,9,10,,8,2,7,12,"Sword A, Axe A",,25,13,,,
9,Myrmidon (M),17,4,0,5,5,,3,0,6,10,Sword D,,20,10,,,
9,Myrmidon (F),15,3,0,5,6,,3,1,6,7,Sword D,,20,7,,,
9,Swordmaster (M),21,5,2,7,7,,5,2,7,11,Sword C,,25,11,,,
9,Swordmaster (F),19,4,2,7,8,,5,3,7,8,Sword C,,25,8,,,
9,Soldier (M),20,4,0,4,4,,4,0,6,10,Lance D,,20,13,,,
9,Soldier (F),18,2,0,4,5,,3,1,6,8,Lance D,,20,10,,,
9,Halberdier (M),24,6,1,6,6,,6,2,7,11,Lance C,,25,15,,,
9,Halberdier (F),22,4,1,6,7,,5,3,7,9,Lance C,,25,12,,,
9,Fighter,24,5,0,3,3,,3,0,6,12,Axe D,,20,12,,,
9,Warrior,30,7,1,5,4,,5,2,7,13,"Axe C, Bow E",,25,14,,,
9,Archer,18,3,0,6,3,,4,0,6,9,Bow D,,20,9,,,
9,Sniper,21,6,2,8,5,,6,2,7,10,Bow C,,25,11,,,
9,Knight,20,5,0,2,0,,9,0,5,12,Lance D,,20,16,,,
9,General,23,8,2,4,2,,10,3,6,13,"Sword E, Lance C",,25,18,,,
9,General (Black Knight),24,7,1,4,1,,11,2,6,13,"Sword S, Lance C",,40,18,,,
9,Horse Knight (M),20,5,0,2,5,,6,0,8,10,Sword / Lance / Axe / Bow (1x D),,15,33,,,
9,Horse Knight (F),18,5,0,2,6,,5,1,8,7,Sword / Lance / Axe / Bow (1x D),,15,29,,,
9,Paladin (M),23,7,2,4,7,,8,3,9,11,Sword / Lance / Axe / Bow (1x C & 1x E),,20,35,,,
9,Paladin (F),23,7,2,4,7,,8,3,9,8,Sword / Lance / Axe / Bow (1x C & 1x E),,20,31,,,
9,Paladin (Titania),23,7,2,4,7,,8,3,9,8,"Lance C, Axe C",,20,31,,,
9,Pegasus Knight,14,4,0,4,8,,3,2,8,7,Lance D,,15,23,,,
9,Falcon Knight,18,6,2,6,9,,5,5,9,8,"Sword E, Lance C",,20,25,,,
9,Princess Crimea,20,6,1,7,7,,5,5,9,6,"Sword C, Staff E",,20,23,,,
9,Wyvern Rider (M),20,6,0,4,3,,8,0,8,11,Lance D,,15,39,,,
9,Wyvern Rider (F),19,6,0,4,3,,7,1,8,7,Lance D,,15,35,,,
9,Wyvern Lord (M),25,8,1,6,5,,10,1,9,12,"Lance C, Axe E",,20,41,,,
9,Wyvern Lord (F),24,8,1,6,5,,9,2,9,8,"Lance C, Axe E",,20,37,,,
9,King Daein,25,9,1,7,5,,9,1,10,14,"Sword C, Axe E",,40,49,,,
9,Mage (Specialist M) *,16,0,1,2,3,,3,3,5,9,Fire / Thunder / Wind (1x D),,20,9,,,
9,Mage (Specialist F) *,16,0,1,3,2,,2,4,5,5,Fire / Thunder / Wind (1x D),,20,5,,,
9,Mage (M),16,0,3,2,4,,2,4,5,9,"Fire E, Thunder E, Wind E",,20,9,,,
9,Mage (F),16,0,3,1,5,,1,5,5,5,"Fire E, Thunder E, Wind E",,20,5,,,
9,Sage (Specialist M) *,20,1,5,4,4,,5,5,6,10,"Fire / Thunder / Wind (1x C) (, Staff E)",,25,10,,,
9,Sage (Specialist F) *,19,1,4,6,5,,3,6,6,7,"Fire / Thunder / Wind (1x C) (, Staff E)",,25,7,,,
9,Sage (M),20,2,4,4,6,,4,6,6,10,"Fire D, Thunder D, Wind D (, Staff E)",,25,10,,,
9,Sage (F),20,2,4,3,7,,3,7,6,7,"Fire D, Thunder D, Wind D (, Staff E)",,25,7,,,
9,Priest,18,0,3,3,3,,1,8,5,9,Staff D,,20,9,,,
9,Bishop (M),21,1,6,5,5,,3,11,6,10,Staff C,,25,10,,,
9,Bishop (F) *,19,1,5,3,6,,2,12,6,6,Staff C,,25,6,,,
9,Cleric,16,2,1,2,2,,0,6,5,5,Staff D,,20,5,,,
9,Valkyrie,19,4,5,3,5,,3,8,8,6,"Sword D, Staff C",,25,26,,,
9,Thief,16,3,0,2,9,,2,0,7,9,–,,20,9,,,
9,Assassin (M),18,5,1,5,11,,4,2,7,10,–,,25,10,,,
9,Assassin (F) *,18,4,1,3,10,,3,1,7,7,–,,25,7,,,
9,Bandit,25,5,0,2,4,,2,0,6,13,Axe D,,20,14,,,
9,Berserker,28,8,0,5,7,,6,0,7,14,Axe C,,25,16,,,
9,Beast tribe (Lion),30,10,2,7,8,,10,2,7,17,–,,25,37,,,
9,Beast tribe (Tiger),28,8,2,6,7,,7,2,7,12,–,,25,27,,,
9,Beast tribe (Cat M),27,6,4,6,8,,4,2,7,9,–,,25,24,,,
9,Beast tribe (Cat F),26,6,4,6,8,,3,3,7,6,–,,25,21,,,
9,Lion,30,18,2,11,11,,15,5,9,32,–,,25,52,,,
9,Tiger,28,15,2,10,10,,10,5,9,27,–,,25,42,,,
9,Cat (M),27,12,4,10,11,,9,5,9,24,–,,25,36,,,
9,Cat (F),26,12,4,10,11,,8,6,9,21,–,,25,31,,,
9,Dragon tribe (Black) *,34,15,5,5,5,,20,10,5,13,–,,40,18,,,
9,Dragon tribe (White),30,10,5,7,5,,10,20,5,12,–,,40,17,,,
9,Dragon tribe (Red M),35,15,5,6,7,,14,13,5,13,–,,40,18,,,
9,Dragon tribe (Red F),30,13,6,5,5,,14,16,5,6,–,,40,11,,,
9,Black Dragon *,34,25,5,9,8,,25,15,6,39,–,,40,90,,,
9,White Dragon,30,20,5,12,8,,15,25,6,36,–,,40,80,,,
9,Red Dragon (M),35,25,5,12,10,,18,18,6,39,–,,40,95,,,
9,Red Dragon (F),30,18,6,9,9,,18,21,6,12,–,,40,44,,,
9,Bird tribe (Hawk),26,6,2,6,8,,5,3,6,10,–,,25,10,,,
9,Bird tribe (Tibarn),28,8,2,7,8,,8,4,6,10,–,,40,10,,,
9,Bird tribe (Raven),24,4,3,6,8,,5,3,6,10,–,,25,9,,,
9,Bird tribe (Naesala),26,5,3,7,10,,7,4,6,10,–,,40,9,,,
9,Bird tribe (Heron) *,19,1,4,3,7,,3,20,5,9,–,,25,6,,,
9,Bird tribe (Heron M),18,0,5,3,7,,2,20,5,8,–,,40,5,,,
9,Bird tribe (Heron F),18,0,5,3,8,,1,20,5,5,–,,40,2,,,
9,Hawk,26,12,2,11,11,,9,5,8,20,–,,25,18,,,
9,Hawk (Tibarn),28,15,3,12,11,,11,5,8,20,–,,40,18,,,
9,Raven,24,9,4,10,12,,8,7,8,19,–,,25,16,,,
9,Raven (Naesala),26,11,5,11,13,,10,7,8,19,–,,40,16,,,
9,Heron *,19,1,8,6,11,,4,25,8,15,–,,25,10,,,
9,Heron (M),18,0,10,6,11,,3,25,8,14,–,,40,9,,,
9,Heron (F),18,0,10,6,12,,2,25,8,11,–,,40,6,,,
9,Civilian (M),10,0,0,0,0,,0,0,5,9,–,,0,9,,,
9,Civilian (F),10,0,0,0,0,,0,0,5,6,–,,0,6,,,
9,Child (M),10,0,0,0,0,,0,0,5,2,–,,0,2,,,
9,Child (F),10,0,0,0,0,,0,0,5,2,–,,0,2,,,
Game,Class,HP,Str,Mag,Skl,Spd,,Def,Res,Mov,Con,,,,Wt,Vision,,
10,Light Mage,16,0,4,5,5,,1,7,5,5,,,,5,3,,
10,Light Sage,29,1,9,9,10,,4,12,6,6,,,,6,3,,
10,Light Priestess,42,3,19,19,20,,8,20,6,6,,,,6,4,,
10,Thief,16,5,0,6,10,,3,0,7,9,,,,9,4,,
10,Rogue (M),28,14,5,17,20,,12,8,7,10,,,,10,4,,
10,Rogue (F),31,8,2,9,12,,7,3,7,7,,,,7,4,,
10,Whisper (M),47,18,4,18,21,,15,6,7,10,,,,10,5,,
10,Whisper (F),46,18,4,19,20,,15,7,7,7,,,,7,5,,
10,Myrmidon,18,6,0,10,11,,4,0,6,10,,,,10,3,,
10,Swordmaster (M),30,15,6,20,21,,13,10,7,11,,,,11,3,,
10,Swordmaster (F),34,14,4,20,22,,8,8,7,8,,,,8,3,,
10,Swordmaster (SP),35,17,8,22,23,,15,12,7,11,,,,11,3,,
10,Trueblade (M),49,19,3,23,21,,16,6,7,11,,,,11,4,,
10,Trueblade (F),48,18,3,23,23,,14,8,7,8,,,,8,4,,
10,Soldier,20,8,0,8,8,,7,2,6,11,,,,15,2,,
10,Halberdier (M),33,17,6,18,18,,15,12,7,12,,,,18,2,,
10,Halberdier (F),38,11,1,11,9,,11,6,7,7,,,,12,2,,
10,Halberdier (SP),38,19,8,20,20,,17,14,7,12,,,,18,2,,
10,Sentinel (M),53,21,3,21,17,,21,8,7,12,,,,20,3,,
10,Sentinel (F),53,21,3,21,17,,19,10,7,7,,,,14,3,,
10,Fighter,22,10,0,6,8,,5,0,6,12,,,,12,3,,
10,Warrior,36,19,3,18,18,,13,8,7,13,,,,14,3,,
10,Warrior (SP),41,21,5,20,20,,15,10,7,13,,,,14,3,,
10,Reaver,58,22,3,19,19,,16,5,7,13,,,,15,4,,
10,Archer,19,9,0,10,8,,5,1,6,10,,,,10,3,,
10,Sniper,33,18,4,19,18,,14,10,7,11,,,,12,3,,
10,Sniper (SP),38,20,6,21,20,,16,12,7,11,,,,12,3,,
10,Marksman,49,20,3,23,18,,17,6,7,11,,,,12,4,,
10,Armor Sword (M),22,8,0,5,6,,12,4,5,12,,,,20,2,,
10,Armor Sword (F),20,6,0,7,3,,9,4,5,6,,,,12,2,,
10,Sword General (M),35,17,5,16,17,,21,10,6,13,,,,23,2,,
10,Sword General (F),40,11,1,12,5,,15,6,6,6,,,,14,2,,
10,Sword General (SP),40,19,7,18,19,,23,12,6,13,,,,23,2,,
10,"Marshall (Sword, F)",55,21,3,22,13,,23,10,6,6,,,,16,3,,
10,Armor Lance,22,9,0,6,5,,11,4,5,12,,,,20,2,,
10,Lance General,35,18,5,17,16,,20,10,6,13,,,,23,2,,
10,Lance General (SP),40,20,7,19,18,,22,12,6,13,,,,23,2,,
10,Marshall (Lance),55,21,3,21,14,,24,9,6,13,,,,26,3,,
10,Armor Axe,21,10,0,7,4,,11,4,5,12,,,,20,2,,
10,Axe General,34,19,5,18,15,,20,10,6,13,,,,23,2,,
10,Axe General (SP),39,21,7,20,17,,22,12,6,13,,,,23,2,,
10,Marshall (Axe),55,21,3,20,15,,24,9,6,13,,,,26,3,,
10,Marshall (Zelgius),60,31,18,35,28,,30,24,6,13,,,,23,3,,
10,Sword Knight,19,6,0,5,8,,8,0,8,10,,,,34,2,,
10,Blade Paladin,35,17,4,14,16,,17,10,9,11,,,,36,2,,
10,Blade Paladin (SP),40,19,6,16,18,,19,12,9,11,,,,36,2,,
10,Gold Knight (Sword),50,19,3,16,18,,19,6,9,11,,,,37,3,,
10,Lance Knight (M),19,7,0,6,7,,7,0,8,10,,,,34,2,,
10,Lance Knight (F),19,4,1,2,5,,5,2,8,7,,,,31,2,,
10,Lance Paladin (M),34,17,5,15,17,,15,10,9,11,,,,36,2,,
10,Lance Paladin (F),34,10,1,6,9,,10,4,9,7,,,,32,2,,
10,Lance Paladin (SP),39,19,7,17,19,,17,12,9,11,,,,36,2,,
10,"Silver Knight (Lance, M)",50,20,3,16,17,,19,6,9,11,,,,37,3,,
10,"Silver Knight (Lance, F)",49,20,3,16,17,,18,8,9,7,,,,33,3,,
10,Axe Knight,18,8,0,7,6,,7,0,8,10,,,,34,2,,
10,Axe Paladin (M),33,18,5,16,16,,15,10,9,11,,,,36,2,,
10,Axe Paladin (F),35,11,1,6,8,,10,3,9,8,,,,33,2,,
10,Axe Paladin (SP),38,20,7,18,18,,17,12,9,11,,,,36,2,,
10,"Gold Knight (Axe, M)",50,21,3,16,16,,19,6,9,11,,,,37,3,,
10,"Gold Knight (Axe, F)",50,21,3,16,16,,18,7,9,8,,,,34,3,,
10,Bow Knight,18,6,0,6,6,,8,2,8,10,,,,33,2,,
10,Bow Paladin (M),34,17,5,15,16,,16,10,9,11,,,,35,2,,
10,Bow Paladin (F),33,10,1,6,9,,10,5,9,7,,,,31,2,,
10,Bow Paladin (SP),39,19,7,17,18,,18,12,9,11,,,,35,2,,
10,"Silver Knight (Bow, F)",48,20,3,16,17,,18,9,9,7,,,,33,3,,
10,Pegasus Knight,16,5,0,6,9,,6,5,8,7,,,,23,3,,
10,Falcon Knight,30,13,5,17,19,,14,13,9,7,,,,23,3,,
10,Falcon Knight (SP),35,15,7,19,21,,16,15,9,7,,,,23,3,,
10,Seraph Knight,46,19,5,17,19,,15,13,9,7,,,,24,3,,
10,Dracoknight (M),20,7,0,5,5,,9,0,8,12,,,,41,3,,
10,Dracoknight (F),20,6,0,3,5,,9,2,8,7,,,,36,3,,
10,Dragonmaster (M),35,20,2,18,16,,19,5,9,13,,,,43,3,,
10,Dragonmaster (F),36,11,0,8,9,,11,1,9,8,,,,38,3,,
10,Dragonmaster (SP),40,22,4,20,18,,21,7,9,13,,,,43,3,,
10,Dragonlord (M),51,21,2,18,17,,20,4,9,13,,,,44,4,,
10,Dragonlord (F),51,21,2,18,17,,19,5,9,8,,,,39,4,,
10,Priest (M),16,3,5,5,6,,3,10,5,9,,,,9,3,,
10,Priest (F),17,0,6,3,3,,1,10,5,5,,,,5,3,,
10,Bishop (M),27,9,17,14,14,,8,18,6,10,,,,10,3,,
10,Bishop (F),29,3,11,6,8,,4,16,6,6,,,,6,3,,
10,Bishop (SP),32,11,19,16,16,,10,20,6,10,,,,10,3,,
10,Saint (M),43,5,20,16,18,,9,23,6,10,,,,10,4,,
10,Saint (F),42,5,21,16,18,,8,24,6,6,,,,6,4,,
10,Saint (SP),43,5,20,16,18,,9,23,6,10,,,,10,4,,
10,Fire Mage,17,4,4,6,7,,3,5,5,9,,,,9,3,,
10,Fire Sage (M),30,10,17,15,16,,11,14,6,10,,,,10,3,,
10,Fire Sage (F),30,3,10,6,9,,4,10,6,7,,,,7,3,,
10,Fire Sage (SP),35,12,19,17,18,,13,16,6,10,,,,10,3,,
10,"Arch Sage (Fire, M)",43,6,20,16,18,,9,17,6,10,,,,10,4,,
10,"Arch Sage (Fire, F)",43,5,20,16,19,,8,18,6,7,,,,7,4,,
10,Thunder Mage (M),16,5,5,7,6,,2,5,5,9,,,,9,3,,
10,Thunder Mage (F),16,1,3,3,4,,1,5,5,5,,,,5,3,,
10,Thunder Sage (M),29,11,18,16,15,,10,14,6,10,,,,10,3,,
10,Thunder Sage (F),30,4,10,6,8,,3,11,6,6,,,,6,3,,
10,Thunder Sage (SP),34,13,20,18,17,,12,16,6,10,,,,10,3,,
10,"Arch Sage (Thunder, F)",43,6,20,16,18,,7,19,6,6,,,,6,4,,
10,Wind Mage,16,3,6,6,7,,2,6,5,9,,,,9,3,,
10,Wind Sage,29,9,19,15,16,,10,15,6,10,,,,10,3,,
10,Wind Sage (SP),34,11,21,17,18,,12,17,6,10,,,,10,3,,
10,Arch Sage (Wind),43,4,20,16,20,,9,17,6,10,,,,10,4,,
10,Dark Sage,29,11,18,16,15,,10,14,6,10,,,,10,3,,
10,Arch Sage (Dark),43,5,20,16,19,,9,17,6,10,,,,10,4,,
10,Hero,38,9,1,13,11,,9,2,7,12,,,,13,3,,
10,Vanguard,53,19,3,23,19,,17,6,7,12,,,,15,4,,
10,Cleric,30,4,6,8,10,,5,14,7,6,,,,6,3,,
10,Valkyrie,43,6,16,18,20,,9,22,9,6,,,,26,3,,
10,Bandit,25,9,0,4,6,,3,0,5,13,,,,13,4,,
10,Druid,29,13,18,20,17,,9,18,6,10,,,,10,3,,
10,Druid (SP),34,15,20,20,19,,13,20,6,10,,,,10,3,,
10,Summoner,43,6,22,18,18,,8,20,6,10,,,,10,4,,
10,Black Knight,70,38,18,40,30,,35,25,6,13,,,,25,3,,
10,Queen,38,16,17,21,22,,18,24,9,6,,,,23,4,,
10,Empress,28,1,30,22,26,,3,28,6,4,,,,4,4,,
10,Assassin,60,28,10,36,38,,22,20,7,11,,,,11,5,,
10,Chancellor,53,4,40,40,36,,20,40,6,9,,,,9,4,,
10,Tiger,36,6,0,6,5,,4,1,7 » 9,12 » 22,,,,21 » 42,4 » 5,,
10,Cat (M),31,4,2,7,6,,3,2,7 » 9,9 » 14,,,,14 » 34,4 » 5,,
10,Cat (F),47,7,6,11,11,,7,8,7 » 9,6 » 11,,,,11 » 31,4 » 5,,
10,Wolf,49,11,2,12,13,,9,5,7 » 9,9 » 18,,,,16 » 38,4 » 5,,
10,Wolf Queen,66,17,5,23,19,,16,13,7 » 9,6 » 16,,,,13 » 36,4 » 5,,
10,Lion (Skrimir),66,19,3,14,13,,16,9,7 » 9,17 » 27,,,,27 » 47,4 » 5,,
10,Lion (Giffca),73,21,4,22,18,,20,11,7 » 9,17 » 27,,,,27 » 47,4 » 5,,
10,Lion King,76,22,4,23,17,,22,10,7 » 9,17 » 27,,,,27 » 47,4 » 5,,
10,Hawk,29,5,1,7,7,,2,2,7 » 9,10 » 20,,,,11 » 20,1 » 0,,
10,Hawk King,68,18,2,24,20,,16,10,8 » 10,10 » 24,,,,12 » 24,1 » 0,,
10,Raven (M),27,4,2,6,8,,2,3,6 » 8,10 » 19,,,,10 » 18,1 » 0,,
10,Raven (F),34,7,5,13,14,,5,6,6 » 8,6 » 15,,,,5 » 14,1 » 0,,
10,Raven King,60,17,7,20,21,,13,14,7 » 9,10 » 20,,,,11 » 19,1 » 0,,
10,Heron (Rafiel),31,1,6,1,6,,3,13,5 » 5,8 » 14,,,,5 » 9,1 » 0,,
10,Heron (Reyson),40,3,5,5,11,,6,17,6 » 8,8 » 14,,,,5 » 9,1 » 0,,
10,Heron (Leanne),25,0,3,1,6,,2,11,5 » 6,5 » 11,,,,2 » 6,1 » 0,,
10,Red Dragon (M),51,15,5,5,4,,12,5,5 » 6,13 » 39,,,,21 » 79,3 » 3,,
10,Red Dragon (F),59,10,15,13,11,,13,17,5 » 6,6 » 18,,,,11 » 44,3 » 3,,
10,White Dragon,49,4,14,7,4,,9,11,5 » 6,12 » 36,,,,19 » 76,3 » 3,,
10,Dragon Prince,55,15,7,8,10,,15,15,6 » 5,7 » 17,,,,12 » 43,3 » 3,,
10,Dragon King,100,25,13,18,15,,25,23,5 » 6,13 » 39,,,,23 » 79,3 » 3,,
10,Pilgrim,55,15,7,8,10,,15,15,6,7,,,,12,3,,
10,Vendor,25,14,10,5,14,,6,14,6,6,,,,6,3,,
10,Citizen (Old Man),16,1,0,1,2,,1,1,4,8,,,,8,2,,
10,Citizen (M),20,3,0,2,4,,3,0,6,8,,,,8,3,,
10,Citizen (F),18,2,0,2,3,,2,2,5,8,,,,8,3,,
10,"Citizen (Child, M)",12,1,0,1,3,,1,0,4,2,,,,2,4,,
10,"Citizen (Child, F)",12,1,0,1,3,,1,0,4,2,,,,2,4,,
10,Horse,25,20,0,1,10,,5,0,9,20,,,,20,3,,
10,Spirit (Fire),40,7,23,28,30,,22,30,20,0,,,,0,5,,
10,Spirit (Thunder),38,9,25,30,28,,20,30,20,0,,,,0,5,,
10,Spirit (Wind),38,5,27,28,30,,20,32,20,0,,,,0,5,,
10,Order Incarnate (Aura),90,8,15,40,35,,28,28,0,0,,,,80,20,,
10,Order Incarnate,120,8,15,40,40,,28,28,0,7,,,,87,20,,
Game,Class,HP,Str,Mag,Skl,Spd,,Def,Res,Mov,,Weapon ranks,,,,,,
11,Lord (M),18,6,0,5,7,,7,0,5,,Sword,,,,,,
11,Great Lord (M),23,10,0,7,9,,10,3,6,,"Sword, Lance",,,,,,
11,Tactician,16,4,3,5,5,,5,3,5,,"Sword, Tome",,,,,,
11,Grandmaster,20,7,6,7,7,,7,5,6,,"Sword, Tome",,,,,,
11,Cavalier,18,6,0,5,6,,7,0,7,,"Sword, Lance",,,,,,
11,Paladin,25,9,1,7,8,,10,6,8,,"Sword, Lance",,,,,,
11,Great Knight,26,11,0,6,5,,14,1,7,,"Sword, Lance, Axe",,,,,,
11,Knight,18,8,0,4,2,,11,0,4,,Lance,,,,,,
11,General,28,12,0,7,4,,15,3,5,,"Lance, Axe",,,,,,
11,Myrmidon,16,4,1,9,10,,4,1,5,,Sword,,,,,,
11,Swordmaster,20,7,2,11,13,,6,4,6,,Sword,,,,,,
11,Mercenary,18,5,0,8,7,,5,0,5,,Sword,,,,,,
11,Hero,22,8,1,11,10,,8,3,6,,"Sword, Axe",,,,,,
11,Fighter,20,8,0,5,5,,4,0,5,,Axe,,,,,,
11,Warrior,28,12,0,8,7,,7,3,6,,"Axe, Bow",,,,,,
11,Barbarian,22,8,0,3,8,,3,0,5,,Axe,,,,,,
11,Berserker,30,13,0,5,11,,5,1,6,,Axe,,,,,,
11,Archer,16,5,0,8,6,,5,0,5,,Bow,,,,,,
11,Sniper,20,7,1,12,9,,10,3,6,,Bow,,,,,,
11,Bow Knight,24,8,0,10,10,,6,2,8,,"Sword, Bow",,,,,,
11,Thief,16,3,0,6,8,,2,0,5,,Sword,,,,,,
11,Assassin,21,8,0,13,12,,5,1,6,,"Sword, Bow",,,,,,
11,Trickster,19,4,4,10,11,,3,5,6,,"Sword, Staff",,,,,,
11,Pegasus Knight,16,4,2,7,8,,4,6,7,,Lance,,,,,,
11,Falcon Knight,20,6,3,10,11,,6,9,8,,"Lance, Staff",,,,,,
11,Dark Flier,19,5,6,8,10,,5,9,8,,"Lance, Tome",,,,,,
11,Wyvern Rider,19,7,0,6,5,,8,0,7,,Axe,,,,,,
11,Wyvern Lord,24,11,0,8,7,,11,3,8,,"Lance, Axe",,,,,,
11,Griffon Rider,22,9,0,10,9,,8,3,8,,Axe,,,,,,
11,Mage,16,0,4,3,4,,2,3,5,,Tome,,,,,,
11,Sage,20,1,7,5,7,,4,5,6,,"Tome, Staff",,,,,,
11,Dark Mage,18,1,3,2,3,,4,4,5,,Tome,,,,,,
11,Sorcerer,23,2,6,4,4,,7,7,6,,Tome,,,,,,
11,Dark Knight,25,4,5,6,5,,9,5,8,,"Sword, Tome",,,,,,
11,"Priest, Cleric",16,0,3,2,4,,1,6,5,,Staff,,,,,,
11,War Monk/Cleric,24,5,5,4,6,,6,6,6,,"Axe, Staff",,,,,,
11,Troubadour,16,0,3,2,5,,1,5,7,,Staff,,,,,,
11,Valkyrie,19,0,5,4,8,,3,8,8,,"Tome, Staff",,,,,,
11,Villager,16,1,0,1,1,,1,0,5,,Lance,,,,,,
11,Dancer,16,1,1,5,8,,3,1,5,,Sword,,,,,,
11,Taguel *,18,2,0,4,5,,3,2,6,,Stone,,,,,,
11,Taguel (shifted),18,5,0,9,10,,4,2,6,,Stone,,,,,,
11,Manakete *,18,2,0,1,1,,2,2,6,,Stone,,,,,,
11,Manakete (shifted),18,10,5,4,3,,12,9,6,,Stone,,,,,,
11,Lord (F),16,5,1,6,8,,6,1,5,,Sword,,,,,,
11,Great Lord (F),20,8,1,9,11,,8,4,6,,"Sword, Lance",,,,,,
11,Lodestar,21,9,1,10,10,,8,4,6,,Sword,,,,,,
11,Dread Fighter,22,8,4,7,9,,7,10,6,,"Sword, Axe, Tome",,,,,,
11,Bride,21,7,6,11,10,,7,6,6,,"Lance, Bow, Staff",,,,,,
11,Soldier,16,3,0,3,3,,3,0,5,,Lance,,,,,,
11,Merchant,18,3,0,2,2,,4,1,5,,Lance,,,,,,
11,Revenant,18,3,0,0,0,,0,0,5,,Claw,,,,,,
11,Entombed,20,3,1,2,2,,2,1,6,,Claw,,,,,,
11,Conqueror,24,10,3,9,8,,12,5,8,,"Sword, Lance, Axe",,,,,,
11,Grima,30,15,15,15,15,,15,10,0,,Breath,,,,,,
Game,Name,HP,Str,Mag,Skl,Spd,Lck,Def,Res,Mov,,,,,,,Other,
12,Hoshido Noble,19,10,4,5,6,4,7,3,6,,,,,,,–,
12,Samurai,17,4,0,5,8,3,3,3,5,,,,,,,–,
12,Swordmaster,18,6,2,7,11,4,5,5,6,,,,,,,"Crt +10, Avo +10",
12,Master of Arms,20,8,0,6,9,3,7,3,6,,,,,,,–,
12,Oni Savage,18,6,1,2,5,0,7,1,5,,,,,,,–,
12,Oni Chieftain,19,9,5,2,7,0,10,5,6,,,,,,,–,
12,Blacksmith,21,8,0,9,8,3,8,2,6,,,,,,,–,
12,Spear Fighter,17,6,0,6,6,2,5,2,5,,,,,,,–,
12,Spear Master,18,9,0,8,8,3,7,3,6,,,,,,,"Crt +10, CEv +10",
12,Basara,20,7,5,7,7,5,7,6,6,,,,,,,–,
12,Diviner,15,0,4,5,6,1,1,3,5,,,,,,,–,
12,Onmyoji,16,0,7,6,7,2,3,6,6,,,,,,,–,
12,"Monk, Shrine Maiden",16,0,3,5,5,4,2,5,5,,,,,,,CEv +10,
12,Great Master,19,8,6,6,8,5,6,7,6,,,,,,,–,
12,Priestess,19,6,7,6,9,5,5,8,6,,,,,,,–,
12,Sky Knight,16,3,0,5,7,4,2,6,7,,,,,,,–,
12,Falcon Knight,18,5,4,6,10,5,5,9,8,,,,,,,–,
12,Kinshi Knight,17,4,1,9,8,5,4,7,8,,,,,,,–,
12,Archer,17,5,0,7,5,2,4,1,5,,,,,,,–,
12,Sniper,19,7,0,10,9,3,6,2,6,,,,,,,"Hit +10, Crt +10",
12,Ninja,16,3,0,8,8,1,3,3,5,,,,,,,–,
12,Master Ninja,17,5,0,10,11,2,4,8,6,,,,,,,"Hit, Crt, Avo, CEv +5",
12,Mechanist,18,7,0,9,7,2,6,6,7,,,,,,,–,
12,Apothecary,18,6,0,4,4,2,6,2,5,,,,,,,–,
12,Merchant,20,8,0,6,5,4,8,5,6,,,,,,,–,
12,Kitsune,16,5,1,6,8,4,1,4,5,,,,,,,–,
12,Nine-Tails,19,6,2,9,10,5,2,8,6,,,,,,,"Crt +5, Avo +10, CEv +10",
12,Songstress,16,3,0,6,5,3,2,3,5,,,,,,,–,
12,Villager,17,5,0,4,5,3,4,0,5,,,,,,,–,
12,Nohr Prince(ss),17,7,3,4,5,2,5,2,5,,,,,,,–,
12,Nohr Noble,18,8,6,4,7,2,6,6,6,,,,,,,–,
12,Cavalier,17,6,0,5,5,3,5,3,7,,,,,,,–,
12,Paladin,19,8,1,7,7,4,7,6,8,,,,,,,–,
12,Great Knight,21,10,0,6,6,3,10,2,7,,,,,,,–,
12,Knight,19,8,0,5,3,3,8,1,4,,,,,,,–,
12,General,22,11,0,7,3,4,12,3,5,,,,,,,–,
12,Fighter,19,7,0,6,6,2,4,1,5,,,,,,,–,
12,Berserker,24,12,0,8,9,0,5,0,6,,,,,,,"Crt +20, CEv -5",
12,Mercenary,17,5,0,7,6,2,5,2,5,,,,,,,–,
12,Hero,20,8,0,10,8,3,7,2,6,,,,,,,–,
12,Bow Knight,18,6,0,8,9,3,5,6,8,,,,,,,–,
12,Outlaw,16,3,1,4,8,1,2,4,5,,,,,,,–,
12,Adventurer,17,4,6,6,10,2,3,8,6,,,,,,,–,
12,Wyvern Rider,17,6,0,5,4,2,7,0,7,,,,,,,–,
12,Wyvern Lord,19,8,0,9,6,3,10,1,8,,,,,,,–,
12,Malig Knight,18,7,6,6,5,0,8,6,8,,,,,,,–,
12,Dark Mage,16,0,6,3,3,1,3,5,5,,,,,,,–,
12,Sorcerer,17,0,9,4,6,1,5,8,6,,,,,,,"Hit +5, Crt +10, CEv +5",
12,Dark Knight,19,8,6,6,5,3,8,6,8,,,,,,,–,
12,Troubadour,15,0,3,7,5,4,1,4,7,,,,,,,CEv +10,
12,Strategist,16,0,7,6,7,5,2,7,8,,,,,,,–,
12,"Maid, Butler",18,4,5,9,8,4,5,4,6,,,,,,,–,
12,Wolfskin,19,8,0,4,6,0,4,0,5,,,,,,,–,
12,Wolfssegner,22,11,0,6,7,1,7,1,6,,,,,,,"Hit +10, Crt +5, CEv +10",
12,Dread Fighter,19,8,3,6,8,1,6,9,6,,,,,,,–,
12,Dark Falcon,17,4,7,5,9,4,3,9,8,,,,,,,–,
12,Ballistician,18,10,0,7,2,4,3,1,4,,,,,,,–,
12,Witch,17,0,10,5,9,3,4,5,6,,,,,,,"Crt +10, Avo +10",
Game,Name,HP,Str,Mag,Dex,Spd,Lck,Def,Res,Mov,,,,,,,,Cha
13,Noble,0,0,0,0,0,0,0,0,4,,,,,,,,0
13,Commoner,0,0,0,0,0,0,0,0,4,,,,,,,,0
13,Dancer,0,0,0,0,0,0,0,0,6,,,,,,,,0
13,Enlightened One,28,17,8,12,14,10,12,10,6,,,,,,,,0
13,Armored Lord,38,17,8,12,6,10,17,8,5,,,,,,,,0
13,High Lord,30,16,7,11,13,9,13,9,5,,,,,,,,0
13,Wyvern Master,30,17,9,13,19,11,14,11,7,,,,,,,,0
13,Emperor,38,17,8,12,6,10,17,8,5,,,,,,,,0
13,Great Lord,35,17,8,12,14,10,14,10,6,,,,,,,,0
13,Barbarossa,35,18,10,14,20,12,15,12,8,,,,,,,,0
13,Myrmidon,20,7,3,6,6,4,5,2,4,,,,,,,,0
13,Soldier,20,8,3,6,6,4,5,2,4,,,,,,,,0
13,Fighter,20,8,3,6,6,4,5,2,4,,,,,,,,0
13,Monk,20,4,8,6,6,4,3,4,4,,,,,,,,0
13,Lord,25,9,6,10,10,8,6,3,5,,,,,,,,0
13,Lord (Judith),35,17,8,12,14,10,14,10,6,,,,,,,,0
13,Mercenary,25,9,6,10,10,8,6,2,5,,,,,,,,0
13,Thief,25,9,6,11,11,8,6,2,5,,,,,,,,0
13,Armored Knight,30,9,6,7,4,8,12,1,4,,,,,,,,0
13,Cavalier,25,9,6,7,6,8,6,2,7,,,,,,,,0
13,Brigand,28,10,6,7,7,8,6,2,5,,,,,,,,0
13,Archer,25,8,6,8,7,8,5,2,5,,,,,,,,0
13,Brawler,28,9,6,7,8,8,6,1,5,,,,,,,,0
13,Mage,25,4,10,7,6,8,3,5,4,,,,,,,,0
13,Dark Mage,25,4,10,7,6,8,3,5,4,,,,,,,,0
13,Priest,25,4,9,7,6,8,3,5,4,,,,,,,,0
13,Pegasus Knight,25,8,6,7,8,8,5,4,6,,,,,,,,0
13,Hero,30,17,8,12,14,10,12,8,5,,,,,,,,0
13,Swordmaster,30,17,8,12,14,10,12,8,5,,,,,,,,0
13,Assassin,30,17,8,12,14,10,12,8,6,,,,,,,,0
13,Fortress Knight,35,17,8,12,8,10,17,7,4,,,,,,,,0
13,Fortress Knight (Chapter 5 Gilbert),35,14,8,12,8,10,13,7,4,,,,,,,,0
13,Paladin,32,17,8,12,14,10,12,8,8,,,,,,,,0
13,Paladin (Prologue Jeralt),32,13,8,12,8,10,12,8,8,,,,,,,,0
13,Pegasus Knight (enemy only),30,17,8,12,14,10,12,10,7,,,,,,,,0
13,Wyvern Rider,30,18,8,12,14,10,12,8,7,,,,,,,,0
13,Warrior,32,19,8,12,14,10,13,8,5,,,,,,,,0
13,Sniper,30,17,8,12,14,10,12,8,5,,,,,,,,0
13,Grappler,32,17,8,12,14,10,14,7,6,,,,,,,,0
13,Warlock,30,8,17,12,14,10,12,15,4,,,,,,,,0
13,Dark Bishop,30,8,17,12,14,10,12,15,4,,,,,,,,0
13,Bishop,30,8,15,12,14,10,12,15,4,,,,,,,,0
13,Falcon Knight,32,18,10,14,20,12,13,14,8,,,,,,,,0
13,Wyvern Lord,32,18,10,14,20,12,15,12,8,,,,,,,,0
13,Mortal Savant,32,17,17,14,16,12,14,12,6,,,,,,,,0
13,Great Knight,34,18,10,14,10,12,17,10,7,,,,,,,,0
13,Bow Knight,32,17,10,14,16,12,14,10,8,,,,,,,,0
13,Dark Knight,32,10,17,14,16,12,13,15,7,,,,,,,,0
13,Holy Knight,32,8,15,14,16,12,13,16,7,,,,,,,,0
13,War Master,33,20,10,14,16,12,15,10,6,,,,,,,,0
13,Gremory,32,8,17,14,16,12,13,16,5,,,,,,,,0
13,Trickster,28,14,12,10,14,12,10,10,5,,,,,,,,0
13,War Monk/Cleric,32,17,10,10,10,10,14,11,6,,,,,,,,0
13,Dark Flier,25,8,6,7,8,8,5,4,7,,,,,,,,0
13,Valkyrie,20,5,10,10,9,9,9,13,6,,,,,,,,0
13,Death Knight,32,10,17,14,16,12,13,15,7,,,,,,,,0
13,Archbishop,35,17,8,12,14,10,14,10,5,,,,,,,,0
13,Flame Emperor,38,17,8,12,6,10,17,8,5,,,,,,,,0
13,Agastya,32,8,17,14,16,12,13,16,4,,,,,,,,0
13,King of Liberation,35,17,8,12,14,10,14,10,5,,,,,,,,0
13,Saint,35,17,8,12,14,10,14,10,5,,,,,,,,0
13,Verrat,30,8,17,12,14,10,12,15,4,,,,,,,,0
Game,Name,HP,Str,Mag,Dex,Spd,Def,Res,Lck,Mov,Bld,,,,,,,
14,Dragon Child,22,6,0,2,7,5,3,2,4,4,,,,,,,
14,Divine Dragon,24,8,1,4,8,6,5,3,5,7,,,,,,,
14,Fell Child (Veyle),20,3,7,4,5,2,7,3,5,4,,,,,,,
14,Noble (Alfred),24,7,2,6,5,6,4,4,5,6,,,,,,,
14,Avenir,25,8,4,7,6,8,6,6,6,7,,,,,,,
14,Noble (Céline),20,5,8,5,8,3,5,4,4,4,,,,,,,
14,Vidame,21,6,9,6,9,4,6,5,5,5,,,,,,,
14,Lord (Diamant),23,8,1,7,8,5,3,3,4,7,,,,,,,
14,Successeur,25,10,2,8,9,6,3,4,5,8,,,,,,,
14,Lord (Alcryst),21,7,1,10,7,4,3,2,4,5,,,,,,,
14,Tireur d’élite,22,8,1,12,8,6,4,4,5,6,,,,,,,
14,Wing Tamer (Ivy),20,1,8,4,4,6,8,1,5,5,,,,,,,
14,Lindwurm,22,2,10,5,5,8,9,1,6,6,,,,,,,
14,Wing Tamer (Hort.),18,0,5,9,8,1,11,6,5,4,,,,,,,
14,Sleipnir Rider,18,1,7,10,10,2,13,8,6,5,,,,,,,
14,Sentinel (Timerra),24,8,1,5,7,8,1,3,4,4,,,,,,,
14,Picket,25,9,2,6,9,10,3,4,5,5,,,,,,,
14,Sentinel (Fogado),21,5,1,9,7,4,3,2,5,6,,,,,,,
14,Cupido,23,6,3,10,8,5,5,3,6,7,,,,,,,
14,Sword Fighter,20,5,0,7,8,3,2,2,4,5,,,,,,,
14,Swordmaster,21,6,1,9,11,4,3,4,5,6,,,,,,,
14,Hero,23,8,0,8,9,5,2,3,5,7,,,,,,,
14,Lance Fighter,23,7,2,8,6,4,2,2,4,5,,,,,,,
14,Halberdier,24,9,1,9,7,6,2,3,5,6,,,,,,,
14,Royal Knight,23,7,5,9,8,5,4,5,6,6,,,,,,,
14,Axe Fighter,26,9,0,5,5,3,1,1,4,7,,,,,,,
14,Berserker,29,13,0,6,6,3,2,2,5,9,,,,,,,
14,Warrior,27,12,1,7,7,4,3,2,5,8,,,,,,,
14,Archer,19,6,0,9,5,2,1,2,4,4,,,,,,,
14,Sniper,22,8,1,11,6,3,1,3,5,5,,,,,,,
14,Bow Knight,22,7,2,10,8,3,3,3,6,5,,,,,,,
14,Sword Armor,25,8,0,6,1,12,0,2,4,7,,,,,,,
14,Lance Armor,25,8,0,6,1,12,0,2,4,7,,,,,,,
14,Axe Armor,25,8,0,6,1,12,0,2,4,7,,,,,,,
14,General,28,11,1,7,2,14,1,3,4,10,,,,,,,
14,Great Knight,26,9,2,8,5,13,2,3,6,8,,,,,,,
14,Sword Cavalier,23,6,1,8,7,4,2,2,5,6,,,,,,,
14,Lance Cavalier,23,6,1,8,7,4,2,2,5,6,,,,,,,
14,Axe Cavalier,23,6,1,8,7,4,2,2,5,6,,,,,,,
14,Paladin,25,8,2,10,8,6,3,3,6,7,,,,,,,
14,Wolf Knight,23,6,3,9,10,4,4,4,6,6,,,,,,,
14,Mage,18,1,7,6,6,1,7,2,4,4,,,,,,,
14,Sage,20,1,9,8,7,3,9,3,5,5,,,,,,,
14,Mage Knight,21,5,7,8,9,3,8,2,6,6,,,,,,,
14,Martial Monk,18,3,5,6,5,3,8,3,4,3,,,,,,,
14,Martial Master,22,6,5,6,5,4,7,4,5,6,,,,,,,
14,High Priest,20,3,8,8,6,3,10,5,5,4,,,,,,,
14,Sword Flier,21,5,2,7,9,3,7,3,5,4,,,,,,,
14,Lance Flier,21,5,2,7,9,3,7,3,5,4,,,,,,,
14,Axe Flier,21,5,2,7,9,3,7,3,5,4,,,,,,,
14,Griffin Knight,22,7,3,10,11,4,9,5,6,5,,,,,,,
14,Wyvern Knight,25,9,1,8,9,6,5,3,6,6,,,,,,,
14,Thief,22,5,0,10,10,6,2,2,5,4,,,,,,,
14,Dancer,21,5,1,8,8,2,5,5,5,5,,,,,,,
14,Fell Child (DLC),20,5,5,5,5,5,5,5,5,5,,,,,,,
14,Melusine,22,7,8,6,8,6,9,2,6,6,,,,,,,
14,Enchanter,20,5,5,5,5,5,5,5,5,5,,,,,,,
14,Mage Cannoneer,20,5,5,5,5,5,5,5,5,5,,,,,,,