Game,Class,HP,Str,Mag,Skl,Spd,Lck,Def,Res,Mov,Bld,Cha
1,Lord,40,15,-10,20,20,0,5,-5,,,
1,Pegasus Knight,30,10,-15,20,25,0,10,0,,,
1,Falcon Knight,30,10,-15,20,25,0,10,0,,,
1,Dracoknight (M),30,10,-15,20,25,0,10,0,,,
1,Dracoknight (F),40,10,-15,20,25,0,10,0,,,
1,Cavalier / Paladin,40,15,-10,25,10,0,15,-5,,,
1,Knight / General,60,15,-15,20,0,0,30,-10,,,
1,Archer / Sniper,40,10,-10,20,30,0,10,-10,,,
1,Mercenary / Hero,60,20,-20,25,20,0,5,-10,,,
1,Myrmidon / Swordmaster,50,10,-10,20,25,0,5,-5,,,
1,Fighter / Warrior,80,40,-20,15,10,0,0,-15,,,
1,Hunter / Horseman,40,20,-15,15,25,0,5,-15,,,
1,Pirate / Berserker,80,40,-20,15,10,0,0,-15,,,
1,Dark Mage / Sorcerer,20,-15,20,20,20,0,-15,20,,,
1,Mage,20,-10,30,20,15,0,-15,10,,,
1,Sage,20,-15,20,20,20,0,-15,20,,,
1,Curate / Cleric,20,-15,10,15,20,0,-10,30,,,
1,Bishop,20,-15,20,20,20,0,-15,20,,,
1,Thief,30,10,-20,30,40,0,5,-10,,,
1,Manakete,50,20,10,30,20,0,10,-10,,,
1,Ballistician,40,20,-10,10,20,0,20,-15,,,
1,Chameleon,40,30,-20,30,30,0,15,-15,,,
1,Soldier,0,0,0,0,0,0,0,0,,,
1,Transformed Dragon,50,20,10,30,20,0,20,-10,,,
1,Dismounted Knight (M) *,40,5,-10,25,10,0,15,-5,,,
1,Dismounted Knight (F) *,0,0,0,0,0,0,0,0,,,
Game,Name,HP,Atk,,Skl,Spd,Lck,Def,Res,,,
2,Villager,,,,,,,,,,,
2,Cavalier,,,,,,,,,,,
2,Paladin,,,,,,,,,,,
2,Gold Knight,,,,,,,,,,,
2,Skogul,,5,,5,5,,,,,,
2,Soldier,5,5,,,-10,-5,5,,,,
2,Knight,5,5,,,-10,-5,5,,,,
2,Baron,5,5,,,-10,-5,5,,,,
2,Spartan,10,5,,,-5,-5,10,,,,
2,Mercenary,,-5,,5,5,,-5,,,,
2,Myrmidon,,-5,,5,5,,-5,,,,
2,Dread Fighter,,-5,,5,5,,-5,,,,
2,Yasha,,5,,5,5,,,,,,
2,Archer,-5,,,10,-5,,-5,,,,
2,Sniper,-5,,,10,-5,,-5,,,,
2,Bow Knight,-5,,,10,-5,,-5,,,,
2,Oliphantier,,5,,10,-5,,-5,,,,
2,Fighter,,,,,,,,,,,
2,Hero,,,,,,,,,,,
2,Conqueror,5,5,,,,,5,3,,,
2,Mage (M),,5,,5,,,-10,,,,
2,Sage,,5,,5,,,-10,,,,
2,Guru,,10,,5,,5,-5,,,,
2,Pegasus Knight,-5,-5,,,5,5,-5,,,,
2,Falcon Knight,-5,-5,,,5,5,-5,,,,
2,Harrier,-5,-5,,5,5,5,,1,,,
2,Cleric,-10,,,,,5,-10,2,,,
2,Saint,-10,,,,,5,-10,2,,,
2,Exemplar,-5,,,,,5,-5,3,,,
2,Mage (F),-10,5,,-5,5,,-5,1,,,
2,Priestess,-10,5,,-5,5,,-5,1,,,
2,Enchantress,-5,5,,-5,5,,-5,3,,,
2,Priestess (Celica),,,,,,,,,,,
2,Princess,,,,,,,,,,,
2,Rigain,,,,5,5,5,,3,,,
2,Boy/Girl,,,,,,,,,,,
2,Lord (Marth),,-5,,5,5,,-5,,,,
2,Hero (Ike),,-5,,5,5,,-5,,,,
2,Lord (Lucina),-10,5,,-5,5,,-5,1,,,
2,Tactician (Robin),,5,,5,,,-10,,,,
2,Lord (Roy),,-5,,5,5,,-5,,,,
2,Lord (Corrin M),,-5,,5,5,,-5,,,,
2,Lord (Corrin F),-10,5,,-5,5,,-5,1,,,
Game,Class,HP,Str,Mag,Skl,Spd,Lck,Def,Res,,,
3,Lord,40,15,-10,20,20,0,5,-5,,,
3,Pegasus Knight / Falcon Knight/ Dracoknight,30,10,-15,20,25,0,10,0,,,
3,Cavalier / Paladin,40,15,-10,25,10,0,15,-5,,,
3,Knight / General,60,15,-15,20,0,0,30,-10,,,
3,Archer / Sniper,40,10,-10,20,30,0,10,-10,,,
3,Mercenary / Hero,50,20,-20,25,20,0,10,-10,,,
3,Myrmidon / Swordmaster,40,10,-10,20,30,0,5,-5,,,
3,Fighter / Warrior,70,40,-20,25,10,0,5,-15,,,
3,Hunter / Horseman,40,20,-15,15,25,0,5,-15,,,
3,Barbarian,70,40,-20,15,20,0,0,-15,,,
3,Pirate / Berserker,70,30,-20,15,30,0,0,-15,,,
3,Dark Mage / Sorcerer,20,-15,20,20,20,0,-15,20,,,
3,Mage,20,-10,30,20,15,0,-15,10,,,
3,Sage,20,-15,20,20,20,0,-15,20,,,
3,Curate / Cleric,20,-15,10,15,20,0,-10,30,,,
3,Bishop,20,-15,20,20,20,0,-15,20,,,
3,Thief / Dancer,30,10,-20,30,40,0,5,-10,,,
3,Manakete,50,20,10,30,20,0,10,-10,,,
3,Ballistician,40,20,-10,10,20,0,20,-15,,,
3,Chameleon,40,30,-20,30,30,0,15,-15,,,
3,Soldier / Emperor,0,0,0,0,0,0,0,0,,,
3,Transformed Dragon,50,20,10,30,20,0,20,-10,,,
Game,Group,HP,Str,Mag,Skl,Spd,Lck,Def,Mdf,,,
4,"Social Knight, Lance Knight, Arch Knight, Axe Knight, Free Knight, Lord Knight, Duke Knight, Master Knight, Paladin, Bow Knight, Forrest Knight, Great Knight, Pegasus Rider, Pegasus Knight, Falcon Knight, Dragon Rider, Dragon Knight, Dragon Master, Bow Fighter, Sword Fighter, Swordmaster, Sniper, Forrest, General, Emperor, Baron, Soldier, Spear Soldier, Axe Soldier, Archer, Armour, Axe Armour, Bow Armour, Sword Armour, Junior Lord, Prince, Dancer, Thief, Thief Fighter",100,30,10,30,30,0,30,10,,,
4,"Mage, Fire Mage, Thunder Mage, Wind Mage, Priest, High Priest, Bishop, Sage, Bard, Shaman, Dark Mage, Dark Bishop",100,10,30,30,30,0,10,30,,,
4,Troubadour,100,30,10,30,30,0,20,10,,,
4,"Princess, Queen",100,20,20,30,30,0,30,20,,,
4,Mage Knight,100,30,20,30,30,0,20,20,,,
4,Mage Fighter,100,20,20,30,30,0,30,20,,,
4,"Axe Fighter, Warrior, Mountain Thief, Barbarian, Hunter, Pirate",100,30,0,30,30,0,30,10,,,
4,"Iron Arch, Long Arch, Killer Arch" *2,100,30,10,30,30,0,30,0,,,
4,Civilian *3,100,0,0,30,30,0,0,0,,,
4,Dark Prince,0,0,0,0,0,0,0,0,,,
Game,Pattern,HP,Str,Mag,Skl,Spd,Lck,Def,,Mov,Bld,
5,"Lord, Soldier, Bow Fighter, Archer, Hunter, Social Knight, Troubadour, Free Knight, Lance Knight, Axe Knight, Arch Knight, Sword Armour, Lance Armour, Axe Armour, Bow Armour, Pegasus Rider, Dragon Rider",50,20,3,15,10,10,15,,0,15,
5,"Mage, Bard, Sister, Priest, Loputo Mage",30,3,20,10,10,10,5,,0,5,
5,"Sword Fighter, Thief, Thief Fighter, Dancer, Axe Fighter, Mountain Thief, Pirate",70,20,0,15,15,10,10,,0,20,
5,"Prince, Paladin, Forrest Knight, Duke Knight, Great Knight, Bow Knight, General, Baron, Pegasus Knight, Dragon Knight, Mage Knight",70,30,5,30,20,20,30,,0,30,
5,"Sage, High Priest, Bishop, Dark Mage, Dark Bishop",50,5,30,20,20,20,10,,0,10,
5,"Swordmaster, Mercenary, Warrior, Berserker, Sniper",90,30,3,30,30,20,20,,0,40,
5,Arena (Normal),75,50,50,50,35,20,35,,0,40,
5,Arena (Thief),45,30,30,70,70,50,30,,0,20,
5,"Long Arch, Iron Arch, Poison Arch",50,20,3,15,10,10,15,,0,0,
Game,Class,HP,S/M,,Skl,Spd,Lck,Def,Res,,,
6,Lord,90,45,,40,45,40,15,12,,,
6,Master Lord,60,35,,30,30,15,35,10,,,
6,Bard,45,45,,30,60,70,0,3,,,
6,Dancer,45,45,,30,60,70,0,3,,,
6,Transporter,10,0,,0,0,0,0,0,,,
6,Mercenary (M),80,40,,40,32,30,18,15,,,
6,Mercenary (F),80,40,,40,32,30,18,15,,,
6,Hero (M),75,30,,30,20,25,20,10,,,
6,Hero (F),75,30,,30,20,25,20,10,,,
6,Myrmidon (M),70,35,,40,40,30,15,17,,,
6,Myrmidon (F),70,35,,40,40,30,15,17,,,
6,Swordmaster (M),65,20,,30,30,25,15,12,,,
6,Swordmaster (F),65,25,,30,30,25,15,12,,,
6,Thief (M),50,5,,45,40,40,5,20,,,
6,Thief (F),45,5,,45,40,40,5,20,,,
6,Soldier,80,50,,30,20,25,12,10,,,
6,Cavalier (M),75,35,,40,28,30,15,12,,,
6,Cavalier (F),75,35,,40,28,30,15,12,,,
6,Paladin (M),70,25,,30,18,25,12,17,,,
6,Paladin (F),70,25,,35,25,25,12,17,,,
6,Knight (M),80,40,,35,15,25,28,5,,,
6,Knight (F),80,40,,35,15,25,28,5,,,
6,General (M),75,30,,25,10,20,23,15,,,
6,General (F),75,30,,35,10,20,23,15,,,
6,Fighter,85,55,,35,30,15,15,10,,,
6,Warrior,80,45,,25,20,15,16,7,,,
6,Brigand,82,50,,30,20,15,10,10,,,
6,Pirate,75,50,,35,25,15,10,10,,,
6,Berserker,58,35,,25,12,15,10,10,,,
6,Archer (M),70,35,,40,32,35,15,10,,,
6,Archer (F),70,35,,40,32,35,15,10,,,
6,Sniper (M),65,30,,30,20,30,15,15,,,
6,Sniper (F),65,30,,30,20,30,15,15,,,
6,Nomad (M),65,30,,40,45,30,12,15,,,
6,Nomad (F),65,30,,40,45,30,12,15,,,
6,Nomad Trooper (M),60,25,,30,35,25,15,10,,,
6,Nomad Trooper (F),60,25,,30,35,25,15,10,,,
6,Pegasus Knight,65,35,,40,40,35,12,25,,,
6,Falcon Knight,60,30,,30,30,30,12,20,,,
6,Wyvern Rider (M),80,45,,35,30,25,25,10,,,
6,Wyvern Rider (F),80,45,,35,30,25,25,10,,,
6,Wyvern Lord (M),75,40,,30,20,20,20,7,,,
6,Wyvern Lord (F),75,40,,30,20,20,20,7,,,
6,Mage (M),55,55,,40,35,20,5,35,,,
6,Mage (F),55,55,,40,35,20,5,35,,,
6,Sage (M),45,45,,30,25,15,10,25,,,
6,Sage (F),45,45,,30,25,15,10,25,,,
6,Shaman (M),50,50,,32,30,20,10,37,,,
6,Shaman (F),50,45,,32,30,20,10,37,,,
6,Druid (M),45,55,,30,25,20,10,27,,,
6,Druid (F),45,55,,30,25,20,10,27,,,
6,Priest (M),50,30,,35,32,45,8,50,,,
6,Priest (F),50,30,,35,32,45,8,50,,,
6,Bishop (M),45,35,,25,22,40,8,40,,,
6,Bishop (F),45,35,,25,22,40,8,40,,,
6,Troubadour,50,25,,35,55,45,12,30,,,
6,Valkyria,45,35,,25,45,40,10,20,,,
6,Mamkute (M),95,40,,30,20,25,0,10,,,
6,Mamkute (F),95,40,,30,20,25,0,10,,,
6,Fire Dragon,95,40,,30,20,25,0,10,,,
6,Divine Dragon,95,45,,30,25,25,55,10,,,
6,Demon Dragon,10,0,,0,0,0,0,0,,,
6,Child (M),10,0,,0,0,0,0,0,,,
6,Child (F),10,0,,0,0,0,0,0,,,
6,Civilian (M),10,0,,0,0,0,0,0,,,
6,Civilian (F),10,0,,0,0,0,0,0,,,
6,King,10,0,,0,0,0,0,0,,,
Game,Name,HP,S/M,,Skl,Spd,Lck,Def,Res,,,
7,Archer (F),70,35,,40,32,35,15,20,,,
7,Archer (M),70,35,,40,32,35,15,15,,,
7,Archsage,45,45,,30,25,15,10,35,,,
7,Assassin,50,5,,45,40,40,5,20,,,
7,Bard,45,45,,30,60,70,0,13,,,
7,Berserker,75,50,,35,25,15,10,13,,,
7,Bishop (F),45,35,,25,22,40,8,50,,,
7,Bishop (M),45,35,,25,22,40,8,40,,,
7,Blade Lord,90,45,,40,45,40,15,12,,,
7,Brigand,82,50,,30,20,15,10,13,,,
7,Cavalier (F),75,35,,40,28,30,15,15,,,
7,Cavalier (M),75,35,,40,28,30,15,15,,,
7,Civilian,10,0,,0,0,0,0,10,,,
7,Cleric,50,30,,35,32,45,8,50,,,
7,Corsair,75,50,,35,25,15,10,13,,,
7,Dancer,45,45,,30,60,70,0,13,,,
7,Dark Druid,45,55,,30,25,20,10,35,,,
7,Druid (F),45,55,,30,25,20,10,35,,,
7,Druid (M),45,55,,30,25,20,10,35,,,
7,Falcon Knight,60,30,,30,30,30,12,30,,,
7,Fighter,85,55,,35,30,15,15,15,,,
7,Fire Dragon,95,40,,30,20,25,0,20,,,
7,General (F),75,30,,25,10,20,23,25,,,
7,General (M),75,30,,20,10,20,23,25,,,
7,Great Lord,90,45,,40,45,40,15,20,,,
7,Hero (F),75,30,,30,20,25,20,20,,,
7,Hero (M),75,30,,30,20,25,20,20,,,
7,Knight (F),80,40,,30,15,25,28,20,,,
7,Knight (M),80,40,,30,15,25,28,20,,,
7,Knight Lord,90,45,,40,45,40,15,15,,,
7,Lord (Eliwood),90,45,,40,45,40,15,15,,,
7,Lord (Hector),90,45,,40,45,40,15,12,,,
7,Lord (Lyn),90,45,,40,45,40,15,20,,,
7,Mage (F),55,55,,40,35,20,5,40,,,
7,Mage (M),55,55,,40,35,20,5,30,,,
7,Magic Seal,45,45,,30,25,15,10,35,,,
7,Mercenary (F),80,40,,40,32,30,18,30,,,
7,Mercenary (M),80,40,,40,32,30,18,20,,,
7,Monk,50,30,,35,32,45,8,40,,,
7,Myrmidon (F),70,35,,40,40,30,15,20,,,
7,Myrmidon (M),70,35,,40,40,30,15,20,,,
7,Nomad Trooper (F),60,25,,30,35,25,15,20,,,
7,Nomad Trooper (M),60,25,,30,35,25,15,15,,,
7,Nomad (F),65,30,,40,45,30,12,15,,,
7,Nomad (M),65,30,,40,45,30,12,15,,,
7,Paladin (F),70,25,,35,25,25,12,25,,,
7,Paladin (M),70,25,,30,18,25,12,20,,,
7,Pegasus Knight,65,35,,40,40,35,12,35,,,
7,Pirate,75,50,,35,25,15,10,13,,,
7,Prince,10,0,,0,0,0,0,10,,,
7,Sage (Limstella),45,45,,30,25,15,10,40,,,
7,Sage (F),45,45,,30,25,15,10,40,,,
7,Sage (M),45,45,,30,25,15,10,40,,,
7,Shaman (F),50,45,,32,30,20,10,40,,,
7,Shaman (M),50,50,,32,30,20,10,30,,,
7,Sniper (F),65,30,,30,20,30,15,25,,,
7,Sniper (M),65,30,,30,20,30,15,20,,,
7,Soldier,80,50,,30,20,25,12,15,,,
7,Swordmaster (F),65,25,,30,30,25,15,22,,,
7,Swordmaster (M),65,25,,30,30,25,15,22,,,
7,Thief (F),45,5,,45,40,40,5,25,,,
7,Thief (M),50,5,,45,40,40,5,20,,,
7,Transporter (Wagon),10,0,,0,0,0,0,10,,,
7,Transporter (Tent),10,0,,0,0,0,0,10,,,
7,Troubadour,50,25,,35,55,45,12,40,,,
7,Valkyrie,45,35,,25,45,40,10,40,,,
7,Warrior,80,45,,25,20,15,16,17,,,
7,Wyvern Lord (F),75,40,,30,20,20,20,17,,,
7,Wyvern Lord (M),75,40,,30,20,20,20,17,,,
7,Wyvern Rider (F),80,45,,35,30,25,25,17,,,
7,Wyvern Rider (M),80,45,,35,30,25,25,15,,,
Game,Class,HP,S/M,,Skl,Spd,Lck,Def,Res,,,
8,Lord (M),90,45,,40,45,40,15,15,,,
8,Lord (F),90,45,,40,45,40,15,20,,,
8,Great Lord (M),90,45,,40,45,40,15,15,,,
8,Great Lord (F),90,45,,40,45,40,15,20,,,
8,Dancer,45,45,,30,60,70,0,13,,,
8,Soldier,80,50,,30,20,25,12,15,,,
8,Cavalier (M),75,35,,40,28,30,15,15,,,
8,Cavalier (F),75,35,,40,28,30,15,15,,,
8,Paladin (M),70,25,,30,18,25,12,20,,,
8,Paladin (F),70,25,,35,25,25,12,25,,,
8,Great Knight (M),70,30,,20,15,20,21,20,,,
8,Great Knight (F),70,30,,25,20,20,21,22,,,
8,Knight (M),80,40,,30,15,25,28,20,,,
8,Knight (F),80,40,,30,15,25,28,20,,,
8,General (M),75,30,,20,10,20,23,25,,,
8,General (F),75,30,,25,10,20,23,25,,,
8,Mercenary (M),80,40,,40,32,30,18,20,,,
8,Mercenary (F),80,40,,40,32,30,18,30,,,
8,Hero (M),75,30,,30,20,25,20,20,,,
8,Hero (F),75,30,,30,20,25,20,20,,,
8,Myrmidon (M),70,35,,40,40,30,15,20,,,
8,Myrmidon (F),70,35,,40,40,30,15,20,,,
8,Swordmaster (M),65,25,,30,30,25,15,22,,,
8,Swordmaster (F),65,25,,30,30,25,15,22,,,
8,Assassin (M),50,5,,45,40,40,5,20,,,
8,Assassin (F),50,5,,45,40,40,5,20,,,
8,Thief,50,5,,45,40,40,5,20,,,
8,Rogue,50,10,,45,35,40,5,20,,,
8,Archer (M),70,35,,40,32,35,15,15,,,
8,Archer (F),70,35,,40,32,35,15,20,,,
8,Sniper (M),65,30,,30,20,30,15,20,,,
8,Sniper (F),65,30,,30,20,30,15,25,,,
8,Ranger (M),60,25,,30,35,25,15,15,,,
8,Ranger (F),60,25,,30,35,25,15,20,,,
8,Wyvern Rider (M),80,45,,35,30,25,25,15,,,
8,Wyvern Rider (F),80,45,,35,30,25,25,17,,,
8,Wyvern Lord (M),75,40,,30,20,20,20,17,,,
8,Wyvern Lord (F),75,40,,30,20,20,20,17,,,
8,Wyvern Knight (M),65,35,,30,30,25,15,17,,,
8,Wyvern Knight (F),65,35,,30,30,25,15,20,,,
8,Mage (M),55,55,,40,35,20,5,30,,,
8,Mage (F),55,55,,40,35,20,5,40,,,
8,Sage (M),45,45,,30,25,15,10,40,,,
8,Sage (F),45,45,,30,25,15,10,40,,,
8,Mage Knight (M),45,40,,30,40,30,10,40,,,
8,Mage Knight (F),45,40,,30,40,40,10,40,,,
8,Monk,50,30,,35,32,45,8,40,,,
8,Priest,50,30,,35,32,45,8,50,,,
8,Cleric,50,30,,35,32,45,8,50,,,
8,Bishop (M),45,35,,25,22,40,8,40,,,
8,Bishop (F),45,35,,25,22,40,8,50,,,
8,Shaman (M),50,50,,32,30,20,10,30,,,
8,Shaman (F),50,45,,32,30,20,10,40,,,
8,Druid (M),45,55,,30,25,20,10,35,,,
8,Druid (F),45,55,,30,25,20,10,35,,,
8,Summoner (M),45,50,,30,25,20,8,35,,,
8,Summoner (F),45,50,,30,25,20,8,35,,,
8,Journeyman (all),85,55,,40,32,40,18,20,,,
8,Recruit (all),75,45,,40,40,40,25,35,,,
8,Pupil (all),55,55,,40,35,40,10,30,,,
8,Manakete (M),95,40,,30,20,25,0,10,,,
8,Manakete (F),95,40,,30,20,25,0,10,,,
8,Fighter,85,55,,35,30,15,15,15,,,
8,Warrior,80,45,,25,20,15,16,17,,,
8,Brigand,82,50,,30,20,15,10,13,,,
8,Pirate,75,50,,35,25,15,10,13,,,
8,Berserker,75,50,,35,25,15,10,13,,,
8,Pegasus Knight,65,35,,40,40,35,12,35,,,
8,Falcon Knight,60,30,,30,30,30,12,30,,,
8,Troubadour,50,25,,35,55,45,12,40,,,
8,Valkyrie,45,35,,25,45,40,10,40,,,
8,Necromancer,45,55,,30,25,20,10,35,,,
8,Fleet,75,35,,40,32,15,15,15,,,
8,Phantom,0,55,,35,45,50,15,15,,,
8,Revenant,95,50,,30,20,10,10,13,,,
8,Entombed,85,40,,25,17,50,10,13,,,
8,Bonewalker (melee),80,50,,30,20,10,12,15,,,
8,Bonewalker (bow),70,35,,40,32,10,15,15,,,
8,Wight (melee),65,25,,25,20,10,15,22,,,
8,Weight (bow),65,30,,30,20,10,15,20,,,
8,Bael,82,50,,30,20,15,18,13,,,
8,Elder Bael,85,45,,25,20,10,21,17,,,
8,Cyclops,95,30,,35,25,10,24,25,,,
8,Mauthe Doog,70,35,,45,45,30,15,20,,,
8,Gwyllgi,65,28,,35,35,25,16,22,,,
8,Tarvos,80,35,,40,28,10,15,15,,,
8,Maelduin,75,30,,30,18,10,13,20,,,
8,Mogall,50,45,,32,30,30,10,28,,,
8,Arch Mogall,45,55,,30,25,20,10,28,,,
8,Gorgon Egg,100,0,,0,0,0,0,0,,,
8,Gorgon,45,60,,30,25,30,10,40,,,
8,Gargoyle,80,45,,35,35,10,25,15,,,
8,Deathgoyle,75,40,,30,25,10,20,17,,,
8,Draco Zombie,85,35,,20,20,25,30,10,,,
8,Demon King,95,40,,30,20,25,20,20,,,
8,Civilian,10,0,,0,0,0,0,10,,,
8,Pontifex,10,0,,0,0,0,0,10,,,
Game,Class,HP,Str,Mag,Skl,Spd,Lck,Def,Res,,,
9,Ranger,90,45,20,30,45,40,15,20,,,
9,Lord,90,45,20,40,35,40,15,20,,,
9,Hero,90,45,15,45,40,25,25,20,,,
9,Myrmidon (M),65,50,10,60,65,30,30,25,,,
9,Myrmidon (F),60,45,10,60,65,30,25,30,,,
9,Swordmaster (M),65,45,10,65,65,30,25,25,,,
9,Swordmaster (F),65,45,10,65,65,30,20,30,,,
9,Soldier (M),80,40,15,50,45,25,40,35,,,
9,Soldier (F),80,35,15,50,50,25,40,35,,,
9,Halberdier (M),75,45,20,45,40,25,45,40,,,
9,Halberdier (F),75,40,20,45,45,25,40,40,,,
9,Fighter,85,55,10,40,45,30,40,30,,,
9,Warrior,85,60,10,35,50,30,35,25,,,
9,Archer,60,40,10,60,55,30,40,40,,,
9,Sniper,60,45,10,55,45,30,35,35,,,
9,Knight,75,50,20,45,30,25,60,45,,,
9,General,75,45,20,45,30,25,55,45,,,
9,General (Black Knight),75,45,20,40,25,25,55,40,,,
9,"Bow Knight, Sword Knight, Axe Knight, Lance Knight",70,45,15,40,50,30,45,40,,,
9,"Bow Knight, Sword Knight, Axe Knight, Lance Knight",65,35,20,40,55,30,45,50,,,
9,Paladin (M),65,45,20,35,45,30,45,40,,,
9,Paladin (F),65,45,20,35,50,30,40,45,,,
9,Pegasus Knight,60,40,20,55,55,35,35,50,,,
9,Falcon Knight,60,35,20,45,50,35,30,45,,,
9,Princess Crimea,60,25,20,45,50,35,30,45,,,
9,Wyvern Rider (M),80,55,10,50,40,25,55,40,,,
9,Wyvern Rider (F),80,50,10,50,45,25,50,45,,,
9,Wyvern Lord (M),80,50,10,40,35,25,50,35,,,
9,Wyvern Lord (F),80,45,10,40,40,25,45,40,,,
9,King Daein,80,50,50,50,50,50,50,50,,,
9,Mage (Specialist M) *,55,5,55,40,35,20,5,30,,,
9,Mage (Specialist F) *,55,5,55,40,35,20,5,30,,,
9,Mage (M),60,20,65,50,50,20,30,60,,,
9,Mage (F),60,15,65,50,55,20,25,65,,,
9,Sage (Specialist M) *,45,5,45,30,25,15,10,25,,,
9,Sage (Specialist F) *,45,5,45,30,25,15,10,25,,,
9,Sage (M),55,15,55,45,45,20,35,50,,,
9,Sage (F),55,10,55,45,50,20,20,55,,,
9,Priest,55,15,55,25,40,50,20,60,,,
9,Bishop (M),50,15,55,30,40,50,15,55,,,
9,Bishop (F) *,50,15,55,30,40,50,15,55,,,
9,Cleric,50,15,45,40,50,45,10,50,,,
9,Valkyrie,50,35,40,30,45,40,10,45,,,
9,Thief,70,45,15,60,60,40,30,20,,,
9,Assassin (M),50,40,15,50,55,35,20,15,,,
9,Assassin (F) *,45,5,10,40,35,40,5,15,,,
9,Bandit,90,60,10,30,50,25,40,20,,,
9,Berserker,80,60,10,25,40,25,35,15,,,
9,Beast tribe (Lion),140,70,10,80,70,30,70,60,,,
9,Beast triibe (Tiger),135,70,10,70,65,30,70,35,,,
9,Beast tribe (Cat M),130,70,10,65,75,30,65,40,,,
9,Beast tribe (Cat F),130,65,10,65,80,30,65,40,,,
9,Lion,140,70,10,80,70,30,70,50,,,
9,Tiger,135,70,10,70,65,30,70,35,,,
9,Cat (M),130,70,10,65,75,30,65,40,,,
9,Cat (F),130,65,10,65,80,30,65,40,,,
9,Dragon tribe (Black) *,160,80,10,70,65,40,80,65,,,
9,Dragon tribe (White),130,70,10,75,70,30,80,80,,,
9,Dragon tribe (Red M),145,80,10,70,70,30,80,55,,,
9,Dragon tribe (Red F),135,75,10,65,65,30,80,65,,,
9,Black Dragon *,160,80,10,70,65,40,80,65,,,
9,White Dragon,130,70,10,75,70,30,80,80,,,
9,Red Dragon (M),145,80,10,70,70,30,80,55,,,
9,Red Dragon (F),135,75,10,65,65,30,80,65,,,
9,Bird tribe (Hawk),120,55,10,70,65,30,45,35,,,
9,Bird tribe (Tibarn),140,70,10,80,75,30,60,60,,,
9,Bird tribe (Raven),110,55,15,60,80,25,35,35,,,
9,Bird tribe (Naesala),110,45,15,75,80,30,60,65,,,
9,Bird tribe (Heron) *,100,20,15,15,70,30,10,80,,,
9,Bird tribe (Heron M),100,20,15,15,70,40,10,80,,,
9,Bird tribe (Heron F),100,20,15,15,70,40,10,80,,,
9,Hawk,120,55,10,70,65,30,45,35,,,
9,Hawk (Tibarn),120,50,10,55,55,25,35,10,,,
9,Raven,110,55,15,60,80,25,35,35,,,
9,Raven (Naesala),110,45,15,40,70,30,30,15,,,
9,Heron *,50,20,55,50,40,30,15,50,,,
9,Heron (M),50,20,55,50,40,40,15,50,,,
9,Heron (F),50,20,55,50,40,40,15,50,,,
9,Civilian,80,20,20,20,20,20,20,20,,,
9,Child (M),80,20,20,20,20,20,20,20,,,
9,Child (F),80,20,20,20,20,20,20,20,,,
Game,Class,HP,Str,Mag,Skl,Spd,Lck,Def,Res,,,
10,Light Mage,0,0,0,0,0,0,0,0,,,
10,Light Sage,0,0,0,0,0,0,0,0,,,
10,Light Priestess,0,0,0,0,0,0,0,0,,,
10,Thief,55,40,10,55,45,70,40,30,,,
10,Rogue (M),65,40,55,50,50,115,40,35,,,
10,Rogue (F),65,50,30,55,70,40,15,25,,,
10,Whisper (M),70,35,15,60,55,40,35,20,,,
10,Whisper (F),65,45,30,55,70,40,15,25,,,
10,Myrmidon,65,40,20,45,50,30,40,40,,,
10,Swordmaster (M),50,35,35,40,35,50,40,15,,,
10,Swordmaster (F),0,0,0,0,0,0,0,0,,,
10,Swordmaster (SP),95,70,55,85,80,75,50,55,,,
10,Trueblade (M),0,0,0,0,0,0,0,0,,,
10,Trueblade (F),0,0,0,0,0,0,0,0,,,
10,Soldier,70,50,20,45,50,25,40,40,,,
10,Halberdier (M),55,35,35,30,30,50,55,20,,,
10,Halberdier (F),65,40,20,65,60,30,35,35,,,
10,Halberdier (SP),95,70,55,70,60,80,75,60,,,
10,Sentinel (M),75,45,20,45,40,25,45,40,,,
10,Sentinel (F),65,40,20,65,60,30,35,35,,,
10,Fighter,80,50,5,60,45,25,40,30,,,
10,Warrior,65,50,10,30,35,50,40,20,,,
10,Warrior (SP),125,90,15,75,70,75,70,40,,,
10,Reaver,85,60,10,35,50,30,35,25,,,
10,Archer,65,55,10,45,50,30,45,35,,,
10,Sniper,60,35,20,45,25,50,45,25,,,
10,Sniper (SP),100,75,35,90,65,75,70,60,,,
10,Marksman,60,45,10,55,45,30,35,35,,,
10,Armor Sword (M),85,60,25,50,50,25,35,20,,,
10,Armor Sword (F),80,50,15,55,45,60,35,30,,,
10,Sword General (M),55,40,45,35,25,40,45,50,,,
10,Sword General (F),80,50,15,55,45,60,35,30,,,
10,Sword General (SP),80,90,60,70,55,65,60,85,,,
10,"Marshall (Sword, F)",80,50,15,55,45,60,35,30,,,
10,Armor Lance,85,55,15,50,55,30,40,20,,,
10,Lance General,55,40,45,30,25,40,50,50,,,
10,Lance General (SP),80,75,60,70,60,65,70,85,,,
10,Marshall (Lance),75,45,20,45,30,25,55,45,,,
10,Armor Axe,90,45,20,45,65,25,40,20,,,
10,Axe General,60,40,45,25,25,40,50,50,,,
10,Axe General (SP),85,75,60,70,60,65,65,85,,,
10,Marshall (Axe),75,45,20,45,30,25,55,45,,,
10,Marshall (Zelgius),0,0,0,0,0,0,0,0,,,
10,Sword Knight,75,50,10,40,35,25,45,40,,,
10,Blade Paladin,40,25,45,40,35,55,30,20,,,
10,Blade Paladin (SP),95,70,60,85,70,80,45,60,,,
10,Gold Knight (Sword),65,45,20,35,45,30,45,40,,,
10,Lance Knight (M),70,45,15,40,45,25,40,40,,,
10,Lance Knight (F),45,55,20,50,55,70,20,45,,,
10,Lance Paladin (M),45,30,40,35,25,55,40,20,,,
10,Lance Paladin (F),45,55,20,50,55,70,20,45,,,
10,Lance Paladin (SP),100,75,55,80,60,80,60,60,,,
10,"Silver Knight (Lance, M)",65,45,20,35,45,30,45,40,,,
10,"Silver Knight (Lance, F)",45,55,20,50,55,70,20,45,,,
10,Axe Knight,70,45,15,40,45,25,40,40,,,
10,Axe Paladin (M),55,30,40,35,25,55,35,20,,,
10,Axe Paladin (F),60,60,25,40,40,30,40,35,,,
10,Axe Paladin (SP),105,75,55,80,60,80,60,55,,,
10,"Gold Knight (Axe, M)",65,45,20,35,45,30,45,40,,,
10,"Gold Knight (Axe, F)",60,60,25,40,40,30,40,35,,,
10,Bow Knight,75,50,15,40,45,25,40,30,,,
10,Bow Paladin (M),45,20,40,40,30,55,30,30,,,
10,Bow Paladin (F),50,40,35,80,30,35,30,50,,,
10,Bow Paladin (SP),100,65,55,80,70,80,45,70,,,
10,"Silver Knight (Bow, F)",50,40,35,80,30,35,30,50,,,
10,Pegasus Knight,65,35,15,50,50,45,35,35,,,
10,Falcon Knight,40,50,40,25,30,45,30,55,,,
10,Falcon Knight (SP),70,80,50,80,70,80,50,85,,,
10,Seraph Knight,60,35,20,45,50,35,30,45,,,
10,Dracoknight (M),80,65,0,55,55,15,45,5,,,
10,Dracoknight (F),70,45,25,40,65,30,40,40,,,
10,Dragonmaster (M),60,35,5,30,30,50,25,30,,,
10,Dragonmaster (F),70,45,25,40,65,30,40,40,,,
10,Dragonmaster (SP),95,75,20,85,65,90,75,60,,,
10,Dragonlord (M),80,50,10,40,35,25,50,35,,,
10,Dragonlord (F),70,45,25,40,65,30,40,40,,,
10,Priest (M),60,25,65,45,40,40,25,40,,,
10,Priest (F),60,30,35,30,60,75,20,60,,,
10,Bishop (M),45,20,30,30,35,35,45,50,,,
10,Bishop (F),60,30,35,30,60,75,20,60,,,
10,Bishop (SP),85,65,75,60,60,65,55,95,,,
10,Saint (M),50,15,55,30,40,50,15,55,,,
10,Saint (F),60,30,35,30,60,75,20,60,,,
10,Saint (SP),50,15,55,30,40,50,15,55,,,
10,Fire Mage,50,20,65,40,40,25,25,55,,,
10,Fire Sage (M),40,15,35,30,35,55,20,35,,,
10,Fire Sage (F),55,10,55,45,50,20,20,55,,,
10,Fire Sage (SP),70,55,90,80,60,65,55,85,,,
10,"Arch Sage (Fire, M)",55,15,55,45,45,20,35,50,,,
10,"Arch Sage (Fire, F)",55,10,55,45,50,20,20,55,,,
10,Thunder Mage (M),55,15,65,45,45,20,30,45,,,
10,Thunder Mage (F),60,15,65,50,55,20,25,65,,,
10,Thunder Sage (M),50,10,35,25,35,50,25,35,,,
10,Thunder Sage (F),55,10,55,45,50,20,20,55,,,
10,Thunder Sage (SP),75,55,90,75,60,65,55,85,,,
10,"Arch Sage (Thunder, F)",55,10,55,45,50,20,20,55,,,
10,Wind Mage,60,20,65,40,40,20,30,45,,,
10,Wind Sage,50,20,35,30,25,50,25,30,,,
10,Wind Sage (SP),75,55,90,80,60,65,55,80,,,
10,Arch Sage (Wind),55,15,55,45,45,20,35,50,,,
10,Dark Sage,50,10,35,25,35,50,25,35,,,
10,Arch Sage (Dark),55,15,55,45,45,20,35,50,,,
10,Hero,80,50,10,70,40,30,40,15,,,
10,Vanguard,80,50,10,70,40,30,40,15,,,
10,Cleric,50,25,45,45,30,85,30,40,,,
10,Valkyrie,50,25,45,45,30,85,30,40,,,
10,Bandit,105,60,10,85,75,70,90,50,,,
10,Druid,60,10,65,25,30,35,35,40,,,
10,Druid (SP),75,50,95,55,50,105,40,90,,,
10,Summoner,0,0,0,0,0,0,0,0,,,
10,Black Knight,0,0,0,0,0,0,0,0,,,
10,Queen,55,25,40,45,45,50,25,40,,,
10,Empress,95,10,70,30,25,55,10,65,,,
10,Assassin,65,50,5,55,65,20,35,15,,,
10,Chancellor,0,0,0,0,0,0,0,0,,,
10,Tiger,100,45,5,30,25,50,40,15,,,
10,Cat (M),80,30,15,30,35,50,30,25,,,
10,Cat (F),50,35,10,65,70,50,20,30,,,
10,Wolf,95,25,15,35,40,90,15,10,,,
10,Wolf Queen,60,30,15,20,20,45,30,30,,,
10,Lion (Skrimir),90,35,5,35,25,40,50,5,,,
10,Lion (Giffca),40,35,10,35,50,25,30,15,,,
10,Lion King,50,40,10,40,20,40,30,10,,,
10,Hawk,90,30,5,40,30,70,40,20,,,
10,Hawk King,75,40,5,10,20,40,40,20,,,
10,Raven (M),85,25,20,30,35,70,20,35,,,
10,Raven (F),70,25,20,30,45,70,20,50,,,
10,Raven King,40,45,15,30,45,55,15,35,,,
10,Heron (Rafiel),60,0,40,10,20,60,10,50,,,
10,Heron (Reyson),65,5,30,20,20,60,20,20,,,
10,Heron (Leanne),60,0,40,10,20,80,10,40,,,
10,Red Dragon (M),100,20,5,20,10,50,25,20,,,
10,Red Dragon (F),50,20,50,40,40,35,15,50,,,
10,White Dragon,90,10,25,15,10,50,10,30,,,
10,Dragon Prince,95,45,15,20,35,60,25,40,,,
10,Dragon King,0,0,0,0,0,0,0,0,,,
10,Pilgrim,0,0,0,0,0,0,0,0,,,
10,Vendor,0,0,0,0,0,0,0,0,,,
10,Citizen (Old Man),40,10,5,5,5,30,5,10,,,
10,Citizen (M),55,35,5,10,30,35,25,10,,,
10,Citizen (F),50,30,10,10,20,45,20,20,,,
10,"Citizen (Child, M)",30,10,5,5,25,50,5,15,,,
10,"Citizen (Child, F)",30,10,5,5,25,50,5,15,,,
10,Horse,0,0,0,0,0,0,0,0,,,
10,Spirit (Fire),0,0,0,0,0,0,0,0,,,
10,Spirit (Thunder),0,0,0,0,0,0,0,0,,,
10,Spirit (Wind),0,0,0,0,0,0,0,0,,,
10,Order Incarnate (Aura),0,0,0,0,0,0,0,0,,,
10,Order Incarnate,0,0,0,0,0,0,0,0,,,
Game,Name,HP,Str,Mag,Skl,Spd,,Def,Res,,,
11,"Lord, Great Lord",40,20,0,20,20,,10,5,,,
11,"Tactician, Grandmaster",40,15,15,15,15,,10,10,,,
11,Cavalier,45,20,0,20,20,,10,5,,,
11,Paladin,45,20,0,20,20,,10,10,,,
11,Great Knight,50,25,0,15,15,,15,5,,,
11,Knight,50,25,0,15,10,,15,5,,,
11,General,50,25,0,15,10,,15,10,,,
11,Myrmidon,40,20,0,25,25,,5,5,,,
11,Swordmaster,40,20,0,25,25,,5,10,,,
11,"Mercenary, Hero",45,20,0,25,20,,10,5,,,
11,"Fighter, Warrior",45,25,0,20,15,,10,5,,,
11,"Barbarian, Berserker",50,25,0,15,20,,5,5,,,
11,Archer,45,15,0,30,15,,10,5,,,
11,Sniper,45,15,0,30,15,,15,5,,,
11,Bow Knight,50,20,0,25,20,,5,5,,,
11,Thief,35,15,5,25,25,,5,5,,,
11,Assassin,40,20,0,30,25,,5,5,,,
11,Trickster,35,10,15,25,20,,5,10,,,
11,Pegasus Knight,40,15,5,25,25,,5,10,,,
11,Falcon Knight,40,15,10,25,25,,5,10,,,
11,Dark Flier,40,10,15,20,20,,5,10,,,
11,Wyvern Rider/Wyvern Lord,45,30,0,15,15,,10,5,,,
11,Griffon Rider,45,25,0,20,20,,5,5,,,
11,"Mage, Sage",35,0,20,20,20,,5,10,,,
11,Dark Mage,50,5,15,15,15,,10,10,,,
11,Sorcerer,45,0,20,15,15,,10,10,,,
11,Dark Knight,50,15,15,15,15,,10,5,,,
11,"Priest, Cleric",35,5,15,15,15,,5,15,,,
11,War Monk/Cleric,45,15,15,10,15,,10,10,,,
11,"Troubadour, Valkyrie",35,0,20,10,20,,5,15,,,
11,Villager,35,10,0,5,5,,10,5,,,
11,Dancer,35,5,0,25,25,,5,5,,,
11,Taguel (M),45,20,0,15,15,,15,5,,,
11,Taguel (F),40,15,0,20,20,,10,5,,,
11,Manakete,50,20,5,20,20,,15,15,,,
11,Lodestar,40,20,0,20,20,,10,5,,,
11,Conqueror,50,20,5,15,15,,10,10,,,
11,Dread Fighter,40,20,10,20,20,,10,10,,,
11,Bride,40,20,10,20,20,,10,10,,,
11,Soldier,40,10,0,10,10,,5,5,,,
Game,Name,HP,Str,Mag,Skl,Spd,Lck,Def,Res,,,
12,Hoshido Noble,15,15,10,10,10,10,15,0,,,
12,Samurai,10,10,0,15,20,15,0,10,,,
12,Swordmaster,10,10,5,15,20,15,0,10,,,
12,Master of Arms,20,15,0,10,10,10,10,0,,,
12,Oni Savage,20,20,10,0,10,0,20,0,,,
12,Oni Chieftain,10,20,15,0,10,0,20,5,,,
12,Blacksmith,20,15,0,15,10,5,15,0,,,
12,Spear Fighter,15,15,0,15,15,5,10,5,,,
12,Spear Master,15,15,0,15,15,5,10,5,,,
12,Basara,20,10,10,10,10,15,5,10,,,
12,Diviner,0,5,15,10,15,5,0,10,,,
12,Onmyoji,0,0,20,10,15,0,0,15,,,
12,"Monk, Shrine Maiden",0,5,10,10,15,15,0,20,,,
12,Great Master,10,15,5,5,15,15,10,10,,,
12,Priestess,10,10,10,5,15,15,0,20,,,
12,Sky Knight,0,10,0,10,15,20,0,20,,,
12,Falcon Knight,0,10,10,10,15,20,0,20,,,
12,Kinshi Knight,0,5,0,15,15,15,0,15,,,
12,Archer,10,15,0,15,15,5,10,0,,,
12,Sniper,10,15,0,20,15,5,10,0,,,
12,Ninja,5,5,0,20,20,0,5,15,,,
12,Master Ninja,5,5,0,20,20,0,5,20,,,
12,Mechanist,10,10,0,15,10,5,5,15,,,
12,Apothecary,20,20,0,10,10,5,10,5,,,
12,Merchant,20,20,0,10,5,15,10,5,,,
12,Kitsune,10,10,0,15,20,10,0,20,,,
12,Nine-Tails,10,10,0,15,20,10,0,20,,,
12,Songstress,0,10,0,20,20,20,0,0,,,
12,Villager,10,10,0,10,10,20,10,0,,,
12,Nohr Prince(ss),15,15,10,10,10,10,10,5,,,
12,Nohr Noble,15,10,15,5,15,5,5,15,,,
12,Cavalier,10,15,0,10,10,15,10,5,,,
12,Paladin,10,15,0,10,10,15,10,10,,,
12,Great Knight,20,20,0,10,5,5,20,0,,,
12,Knight,20,20,0,15,5,10,20,0,,,
12,General,25,20,0,15,0,10,20,5,,,
12,Fighter,20,20,0,15,15,5,5,0,,,
12,Berserker,30,25,0,15,15,0,0,0,,,
12,Mercenary,10,15,0,20,15,5,10,5,,,
12,Hero,20,15,0,20,15,5,10,0,,,
12,Bow Knight,10,10,0,15,15,10,0,10,,,
12,Outlaw,0,10,5,10,20,0,0,20,,,
12,Adventurer,0,5,15,5,20,0,0,20,,,
12,Wyvern Rider,10,15,5,10,10,5,20,0,,,
12,Wyvern Lord,10,15,0,15,10,5,20,0,,,
12,Malig Knight,0,15,15,10,5,0,10,15,,,
12,Dark Mage,0,10,20,0,10,0,5,10,,,
12,Sorcerer,0,0,25,0,10,0,5,15,,,
12,Dark Knight,15,20,10,5,5,5,15,5,,,
12,Troubadour,0,0,10,20,10,15,0,15,,,
12,Strategist,0,0,15,5,10,20,0,15,,,
12,"Maid, Butler",0,10,10,15,15,10,5,10,,,
12,Wolfskin,20,20,0,5,15,5,10,0,,,
12,Wolfssegner,20,20,0,5,15,5,10,0,,,
Game,Name,HP,Str,Mag,Dex,Spd,Lck,Def,Res,,,Cha
13,Noble,,,,,,,,,,,5
13,Commoner,,,,,,,,,,,
13,Dancer,20,-5,,,,,-5,-5,,,10
13,Enlightened One,20,10,10,,,,5,,,,5
13,Armored Lord,20,5,5,,,,5,5,,,10
13,High Lord,20,5,,5,,,5,,,,10
13,Wyvern Master,20,10,,,5,,5,,,,10
13,Emperor,30,10,10,,,,5,5,,,10
13,Great Lord,30,10,,10,,,5,,,,10
13,Barbarossa,30,15,,,10,,5,,,,10
13,Myrmidon,10,,,,5,,,-5,,,5
13,Soldier,10,,,5,,,,-5,,,5
13,Fighter,10,5,,,,,,-5,,,5
13,Monk,5,,,,,,,5,,,5
13,Lord,20,,,10,,,,,,,10
13,Mercenary,20,5,,,5,,,-5,,,5
13,Thief,20,,,10,10,,,,,,5
13,Armored Knight,20,,,,-10,,10,-5,,,5
13,Cavalier,20,5,,5,-10,,5,,,,5
13,Brigand,30,10,,,,,,-5,,,5
13,Archer,5,,,10,,5,,,,,5
13,Brawler,30,,-10,10,10,,,-10,,,5
13,Mage,5,-5,10,5,,,-5,5,,,5
13,Dark Mage,5,-5,10,5,,,-5,5,,,
13,Priest,5,-5,5,5,,,-5,10,,,10
13,Pegasus Knight,15,,,,10,,,5,,,10
13,Hero,30,10,,,10,,,-5,,,5
13,Swordmaster,25,10,,,20,,,-5,,,5
13,Assassin,20,,,20,20,,,,,,
13,Fortress Knight,30,10,,,-10,,15,,,,5
13,Paladin,30,10,,5,-10,5,5,5,,,5
13,Wyvern Rider,30,10,-5,,,,5,-5,,,5
13,Warrior,40,15,-5,,,,,,,,5
13,Sniper,10,5,,20,,10,,,,,5
13,Grappler,40,10,,10,10,,,,,,5
13,Warlock,10,,10,,,,-5,5,,,5
13,Dark Bishop,10,,10,,,,-5,5,,,
13,Bishop,10,,10,,,10,-5,5,,,10
13,Falcon Knight,30,10,,,20,,,5,,,10
13,Wyvern Lord,30,15,-5,,10,,5,,,,5
13,Mortal Savant,20,10,10,,-10,10,,,,,5
13,Great Knight,30,10,,,-10,,5,-5,,,5
13,Bow Knight,10,,,,-5,,,,,,5
13,Dark Knight,10,5,10,,-5,,5,10,,,5
13,Holy Knight,10,,10,,-5,10,5,10,,,10
13,War Master,40,15,,,10,,,,,,5
13,Gremory,10,,10,10,,,,5,,,10
13,Trickster,20,,,15,20,10,,5,,,
13,War Monk/Cleric,40,10,5,10,,,,5,,,5
13,Dark Flier,20,,,,10,,,10,,,10
13,Valkyrie,5,,5,,-5,5,5,10,,,10
13,Death Knight,30,10,10,,-5,,5,5,,,
13,Archbishop,40,10,10,,,,,10,,,10
13,Death Knight,20,,10,,-5,,,5,,,
13,Flame Emperor,30,10,10,,,,5,5,,,10
13,Agastya,30,,10,,,,,10,,,10
13,Saint,40,10,10,,,,,10,,,10
13,Verrat,10,,10,,,,-5,5,,,5
Game,Name,HP,Str,Mag,Dex,Spd,Lck,Def,Res,,Bld,
14,Dragon Child,10,10,,10,15,5,10,10,,5,
14,Divine Dragon,10,10,,10,15,10,15,15,,5,
14,Fell Child,10,10,25,10,5,,10,25,,,
14,Noble,15,15,,5,5,15,20,5,,,
14,Avenir,15,15,,5,10,20,25,5,,5,
14,Noble,,5,10,5,5,20,5,10,,,
14,Vidame,5,10,15,5,5,20,5,15,,,
14,Lord,15,20,,10,10,5,10,,,,
14,Successeur,15,20,,10,15,10,15,,,5,
14,Lord,10,10,,25,10,5,10,,,,
14,Tireur d’élite,10,10,,30,10,5,15,5,,,
14,Wing Tamer,5,,20,,,,10,20,,,
14,Lindwurm,5,,25,5,,,15,25,,,
14,Wing Tamer,,,15,10,10,10,,25,,,
14,Sleipnir Rider,,,20,15,15,15,,30,,,
14,Sentinel,10,10,,10,5,5,20,,,,
14,Picket,10,15,,10,10,5,20,5,,5,
14,Sentinel,10,5,,15,15,,5,15,,,
14,Cupido,10,5,5,20,20,,5,20,,,
14,Sword Fighter,10,10,,15,20,10,,15,,,
14,Swordmaster,10,10,,15,20,15,,15,,,
14,Hero,15,15,,10,15,15,,10,,,
14,Lance Fighter,10,10,5,20,5,,10,5,,,
14,Halberdier,10,15,5,20,10,5,15,5,,,
14,Royal Knight,5,10,15,15,15,10,5,20,,,
14,Axe Fighter,25,20,,5,10,,5,,,5,
14,Berserker,30,30,,5,10,,5,,,10,
14,Warrior,25,20,,10,15,,10,5,,5,
14,Archer,10,15,,25,10,5,5,,,,
14,Sniper,15,15,,30,10,10,10,,,,
14,Bow Knight,10,10,,20,20,15,,15,,,
14,Sword Armor,20,15,,10,,,30,,,5,
14,Lance Armor,20,15,,10,,,30,,,5,
14,Axe Armor,20,15,,10,,,30,,,5,
14,General,25,20,,10,,,30,,,10,
14,Great Knight,20,15,,15,,5,25,10,,5,
14,Sword Cavalier,10,10,,10,10,10,10,10,,,
14,Lance Cavalier,10,10,,10,10,10,10,10,,,
14,Axe Cavalier,10,10,,10,10,10,10,10,,,
14,Paladin,15,15,,10,15,10,15,15,,,
14,Wolf Knight,10,5,,15,20,20,5,20,,,
14,Mage,,,25,5,,5,,25,,,
14,Sage,,,30,5,,15,,30,,,
14,Mage Knight,5,5,25,,5,5,10,25,,,
14,Martial Monk,,10,25,,,10,10,20,,,
14,Martial Master,5,10,20,,,10,15,25,,,
14,High Priest,,,25,,5,30,,30,,,
14,Sword Flier,5,10,5,10,10,10,,10,,,
14,Lance Flier,5,10,5,10,10,10,,10,,,
14,Axe Flier,5,10,5,10,10,10,,10,,,
14,Griffin Knight,,10,15,15,20,15,,15,,,
14,Wyvern Knight,20,20,,10,5,5,20,5,,5,
14,Thief,5,10,,20,15,15,15,5,,,
14,Dancer,5,10,,5,15,20,10,20,,,
14,Fell Child (Nel),10,15,10,10,15,,15,15,,5,
14,Fell Child (Rafal),15,20,,5,5,,20,10,,10,
14,Melusine,10,10,10,10,15,,10,10,,5,
14,Enchanter,5,15,15,15,10,15,5,5,,5,
14,Mage Cannoneer,15,10,,15,5,10,20,5,,10,
